-- phpMyAdmin SQL Dump
-- version 5.2.0
-- https://www.phpmyadmin.net/
--
-- Host: 127.0.0.1:3306
-- Generation Time: Oct 07, 2023 at 11:11 AM
-- Server version: 8.0.31
-- PHP Version: 8.0.26

SET SQL_MODE = "NO_AUTO_VALUE_ON_ZERO";
START TRANSACTION;
SET time_zone = "+00:00";


/*!40101 SET @OLD_CHARACTER_SET_CLIENT=@@CHARACTER_SET_CLIENT */;
/*!40101 SET @OLD_CHARACTER_SET_RESULTS=@@CHARACTER_SET_RESULTS */;
/*!40101 SET @OLD_COLLATION_CONNECTION=@@COLLATION_CONNECTION */;
/*!40101 SET NAMES utf8mb4 */;

--
-- Database: `spm`
--

-- --------------------------------------------------------

--
-- Table structure for table `access_control`
--

DROP TABLE IF EXISTS `access_control`;
CREATE TABLE IF NOT EXISTS `access_control` (
  `Access_ID` int NOT NULL AUTO_INCREMENT,
  `Access_Control_Name` varchar(100) NOT NULL,
  PRIMARY KEY (`Access_ID`)
);

--
-- Dumping data for table `access_control`
--

INSERT INTO `access_control` (`Access_ID`, `Access_Control_Name`) VALUES
(1, 'Admin'),
(2, 'User'),
(3, 'Manager'),
(4, 'HR');

-- --------------------------------------------------------

--
-- Table structure for table `application`
--

DROP TABLE IF EXISTS `application`;
CREATE TABLE IF NOT EXISTS `application` (
  `Application_ID` int NOT NULL AUTO_INCREMENT,
  `Application_Date` date NOT NULL,
  `Application_Status` varchar(50) NOT NULL,
  `Staff_ID` int DEFAULT NULL,
  `Listing_ID` int DEFAULT NULL,
  PRIMARY KEY (`Application_ID`),
  KEY `Staff_ID` (`Staff_ID`),
  KEY `Listing_ID` (`Listing_ID`)
);

--
-- Dumping data for table `application`
--

INSERT INTO `application` (`Application_ID`, `Application_Date`, `Application_Status`, `Staff_ID`, `Listing_ID`) VALUES
(1, '2023-10-02', 'Received', 140036, 1),
(2, '2023-09-28', 'Received', 160299, 1);

-- --------------------------------------------------------

--
-- Table structure for table `role`
--

DROP TABLE IF EXISTS `role`;
CREATE TABLE IF NOT EXISTS `role` (
  `Role_ID` int NOT NULL AUTO_INCREMENT,
  `Role_Name` varchar(100) NOT NULL,
  `Role_Responsibilities` varchar(2000) NOT NULL,
  PRIMARY KEY (`Role_ID`)
);

--
-- Dumping data for table `role`
--

INSERT INTO `role` (`Role_ID`, `Role_Name`, `Role_Responsibilities`) VALUES
(1, 'Account Manager', 'The Account Manager acts as a key point of contact between an organisation and its clients. He/She possesses thorough product knowledge and oversees product and/or service sales. He works with customers to identify their wants and prepares reports by collecting, analysing, and summarising sales information. He contacts existing customers to discuss and give recommendations on how specific products or services can meet their needs. He maintains customer relationships to strategically place new products and drive sales for long-term growth. He works in a fast-paced and dynamic environment, and travels frequently to clients\' premises for meetings.'),
(2, 'Admin Executive', 'Admin Executive will act as the point of contact for all employees, providing administrative support and managing their queries. Main duties include managing office stock, preparing regular reports (e.g. expenses and office budgets) and organizing'),
(3, 'Chief Executive Officer', 'The CEO is responsible for leading the company, implementing its strategic plans, managing day-to-day operations, ensuring financial health, nurturing stakeholder relationships, and mitigating risks.'),
(4, 'Chairman', 'The Chairman of the Board leads the board of directors, oversees corporate governance, represents the company to shareholders, plays a role in CEO evaluation and succession planning, and helps resolve conflicts within the board and with the CEO.'),
(5, 'Call Centre', 'Call Centre Executive is responsible for providing assistance to customers by addressing their queries and requests. He/She advises customers on appropriate products and services based on their needs. He is responsible for the preparation of customer documentation. In the case of complex customer requests, he escalates them to senior officers. He is able to abide by safety and/or security standards in the workplace. The Call Centre Executive  pays strong attention to details to verify and process documentation.'),
(6, 'Consultancy Director', 'The Director defines and articulates the organisation\'s strategy for securing technical wins with prospective clients. He/She focuses on developing key growth  strategies, tactics and action plans required to achieve revenue and/or sales targets. He advises the team on developing prototypes to ensure feasibility of solutions, and oversees the delivery of in-depth presentations and product demonstrations to clients. He solves complex problems and evaluates clients needs with different perspectives. He works in a fast-paced and dynamic environment, and travels frequently to clients\' premises for technical sales pitches and meetings.'),
(7, 'Consultant', 'The Consultant is responsible for providing Sales technical expertise to the sales team and clients during the sales process. He/She delivers presentations and technical demonstrations of the organisation\'s products to prospective clients. He translates the client\'s business requirements into technical specifications and requirements, and provides technical inputs for proposals, tenders, bids and any relevant documents. He uses prescribed guidelines or policies to analyse and solve problems. He works in a fast-paced and dynamic environment, and travels frequently to clients\' premises for technical sales pitches and meetings. He is familiar with client relationship management and sales tools.'),
(8, 'Developer', 'The Developer leads important projects and possesses capability to make breakthroughs in design, development, testing, debugging and implementing software applications or specialised utility programs in support of end users\' needs on platforms. He/She plans and coordinates regular updates and recommends improvements to existing applications. He identifies and resolves issues which have organisation wide and long-term impact. He identifies security risks, creates requirements to capture security issues, and performs initial threat modelling to ensure coding standards meets security requirements. He develops and maintains the software configuration management plan and oversees the building, verification and implementation of software releases. '),
(9, 'Engineering Director', 'The Engineering Director is responsible for spearheading the strategic planning, design and implementation of complex engineering solutions to meet customers requirements. He/She drives direction and strategy for the development and execution of engineering projects, and ensures alignment to the organisational strategy, vision and mission. He formulates strategies and frameworks to drive workplace health, safety, risk and environmental management in accordance with local and international regulations. He develops the organisations technology roadmap and drives continuous improvement strategies. In addition, he leverages his deep technical expertise and industry experience to develop technical capabilities and domain expertise for the organisation.'),
(10, 'Finance  Executive', 'The Finance Executive supports the finance department in carrying out the responsibilities of the accounting department. He/She is involved in work that is specific to accounts receivable, accounts payable, tax filing, data compilation, billing, payroll or other accounting tasks. In some instances, he may work specifically with accruals, fixed assets accounting or the monthly and yearly finalisation of accounts for audit purposes. The Accounts Executive/Accounts Assistant may also assist with the preparation of trial balance, basic financial statements and simple consolidated financial statements. He may be called on to participate in ad-hoc finance-related projects and systems testing when necessary.'),
(11, 'Finance Director', 'The Finance Director is the business partner for all the business units in an organisation. He/She serves as the organisations go-to person for all matters related to accounting. He provides technical accounting advice to various stakeholders to maximise organisation\'s value and minimise risks in accordance with external and internal accounting guidance. The Business Controller/Finance Director demonstrates excellent people skills to facilitate the on-going business relationships and find new business opportunities.'),
(12, 'Finance Manager', 'The Finance Manager is the lead finance business partner for the organisation and has responsibilities covering all aspects of financial management, performance management, financial accounting, budgeting, corporate reporting etc. He/she has sound technical as well as management skills and be able to lead a team consisting of finance professionals with varied, in-depth or niche technical knowledge and abilities; consolidating their work and ensuring its quality and accuracy, especially for reporting purposes. The Finance Manager is expected to provide sound financial advice and counsel on working capital, financing or the financial position of the organisation by synthesising internal and external data.'),
(13, 'HR Director', 'The HR Director is responsible for establishing the overall talent management strategies and frameworks to identify, prepare and position the right talent to drive organisational success. He/She formulates career development frameworks and programmes to provide fulfilling career opportunities to employees in the organisation. He liaises with senior business stakeholders to formulate robust succession plans for business-critical roles in the organisation, ensuring future viability and alignment with business plans and direction. He is responsible for establishing retirement and exit policies and guidelines, and evaluating the business impact of redundancy, retirement and exit decisions.'),
(14, 'HR Executive', 'HR Team executes planned talent outreach and engagement activities to source for potential candidates and maintains an optimal experience for employees. He/She conducts the initial screening of potential candidates, administers assessments and prepares employment contracts as per guidelines. He tracks the conversion success rate for each sourcing channel and provides administrative and logistical support during onboarding. He administers employee engagement surveys and collates responses and feedback while ensuring confidentiality of information provided. HR Team Executive enjoys working in a team environment and interacts proactively with various stakeholders.'),
(15, 'IT Analyst', 'IT Analyst performs routine infrastructure operations and maintenance activities. He/She assists with monitoring infrastructure performance. He checks for problems in existing systems and modifies work processes by following defined procedures, processes and quality standards. He is required to be on standby with on-call availability with varied shifts including nights, weekends and holidays. He works in a team setting and is proficient in infrastructure systems and network-related tools and techniques required by the organisation. He is also familiar with the relevant software platforms on which the database is deployed. '),
(16, 'IT Director', 'The IT Director drives the vision and strategy for the IT Operations and Support functions. He/She sets the direction for systems and database administration, day-to-day IT support and operations, data centre operations and system and quality assurance through the delivery of services as per business requirements; controls costs and manages vendors. He is responsible for formulating strategies for service level agreements. He ensures compliance with organisation\'s quality standards, international standards and government regulations. He is a leader with the energy and commitment to drive large teams toward achieving service level excellence. He is familiar with enterprise architecture frameworks, database administration.'),
(17, 'Junior Engineer', 'The Junior Engineerapplies engineering principles and techniques to optimise the equipment and systems within the manufacturing facility. He/She provides technical guidance and direction for the installation of equipment and systems. He develops plans for the maintenance of equipment and systems, and recommends engineering solutions to troubleshoot faults. The Junior Engineerinnovates equipment and systems, and contributes to manufacturing equipment and systems improvement projects by conducting feasibility assessments and tests on new technologies. He is also expected to manage energy resources and utilities by developing solutions to optimise machine availability and energy efficiency. '),
(18, 'L&D Executive', 'The L&D Executive assists in procuring training programmes and documenting learning needs in the organisation, maintaining organisations\' learning systems and provides administrative support in conducting learning programmes. He/She manages resources and logistics for delivering learning programmes and collects data from learning evaluation surveys to measure learning programmes effectiveness. He supports the conduct of assessments to identify high-potential talent in the organisation, and documents assessment records and succession plans for critical roles identified. He also responds to employee queries that are related to assessments and learning programmes. He is responsible for maintaining exit and retirement records.'),
(19, 'Ops Planning Exec', 'The Operation Planning Executive upports plant operations by coordinating day-to-day production activities, as well as maintenance and turnaround schedules and activities, for production shift teams, so as to meet production plans and schedules.'),
(20, 'Sales Director', 'The Sales Director determines sales targets, markets and product offering. He/She focuses on revenue target setting accountability, sales strategy and career development of others, liaising with professional staff and other managers on the medium- to long-term sales planning. He develops, communicates and implements the operational strategy, regularly leads important sales initiatives and has ultimate accountability for the sales function. He oversees the preparation and presentation of technical proposals and ensures that the complete plans are feasible within cost, time, and environmental constraints. He drives product differentiation and optimises the use of resources, evaluates partnership effectiveness, and advises on corrective action.'),
(21, 'Sales Manager', 'The Sales Manager is responsible for managing the organisation\'s sales growth. By analysing client segmentation and competitor landscape, he/she develops sales strategies. He supports lead generation, and conducts business and contract negotiations to increase client acquisition and boost retention. Innovative and resourceful, he demonstrates initiative in identifying new opportunities both locally and regionally and converting them into actual sales. He builds good rapport with new and existing clients by pro-actively anticipating clients\' needs and identifying business solutions to meet those needs. He networks extensively outside of the office to stay in close contact with the key industry stakeholders.'),
(22, 'Senior Engineer', 'The Senior Engineer applies advanced engineering principles and techniques to troubleshoot complex engineering problems encountered within the manufacturing facility and provides expert technical advice to guide the installation and maintenance of equipment and systems. He/She is expected to lead the technical cross-collaboration with the Process Development/Manufacturing Science and Technology (PD/MSAT) department in order to identify appropriate biopharmaceuticals manufacturing equipment and optimise their functionalities. The Senior Engineer leads manufacturing equipment and systems innovation projects by guiding feasibility assessments and tests on new technologies.'),
(23, 'Solutioning Director', 'The Solutioning Director defines and articulates the organisation\'s strategy for securing technical wins with prospective clients. He/She focuses on developing key growth pre-sales strategies, tactics and action plans required to achieve revenue and/or sales targets. He advises the team on developing prototypes to ensure feasibility of solutions, and oversees the delivery of in-depth presentations and product demonstrations to clients. He solves complex problems and evaluates clients needs with different perspectives. He works in a fast-paced and dynamic environment, and travels frequently to clients\' premises for technical sales pitches and meetings. He is familiar with client relationship management and sales tools.'),
(24, 'Support Engineer', 'The Support Engineer undertakes complex projects related to system provisioning, installations, configurations as well as monitoring and maintenance of systems. He/She applies highly developed specialist knowledge and skills in systems administration and works toward continuous optimisation of system performance. He implements system improvements and instructs other IT staff in the resolution of most complex issues. He is required to be on standby with on-call availability with varied shifts including nights, weekends and holidays to resolve systems related incidents. He works in a team setting and is proficient in Infrastructure systems and Network related tools and techniques required by the organisation.'),
(25, 'Assistant Sales Manager', 'An Assistant Sales Manager typically involve supporting the sales team in achieving targets, monitoring sales metrics, assisting with sales strategies, and training and mentoring sales staff.'),
(26, 'Executive Assistant', 'As an Executive Assistant, your role responsibilities include managing the executive\'s schedule, handling correspondence, organizing meetings and events, and providing administrative support to ensure the smooth functioning of the executive\'s office.');

-- --------------------------------------------------------

--
-- Table structure for table `role_listing`
--

DROP TABLE IF EXISTS `role_listing`;
CREATE TABLE IF NOT EXISTS `role_listing` (
  `Listing_ID` int NOT NULL AUTO_INCREMENT,
  `Deadline` date NOT NULL,
  `Date_Posted` date NOT NULL,
  `Country` varchar(100) NOT NULL,
  `Salary` int NOT NULL,
  `Hiring_Manager` int NOT NULL,
  `Role_ID` int NOT NULL,
  PRIMARY KEY (`Listing_ID`),
  KEY `Hiring_Manager` (`Hiring_Manager`),
  KEY `Role_ID` (`Role_ID`)
);

--
-- Dumping data for table `role_listing`
--

INSERT INTO `role_listing` (`Listing_ID`, `Deadline`, `Date_Posted`, `Country`, `Salary`, `Hiring_Manager`, `Role_ID`) VALUES
(1, '2023-10-02', '2023-09-18', 'Singapore', 57000, 180001, 7),
(2, '2023-10-20', '2023-10-06', 'Indonesia', 80000, 160076, 15),
(3, '2023-10-06', '2023-09-24', 'Singapore', 57000, 160076, 7),
(4, '2023-10-16', '2023-10-02', 'Singapore', 61200, 160282, 25),
(5, '2023-10-27', '2023-10-09', 'Singapore', 45000, 160282, 26);

-- --------------------------------------------------------

--
-- Table structure for table `role_skill_mapping`
--

DROP TABLE IF EXISTS `role_skill_mapping`;
CREATE TABLE IF NOT EXISTS `role_skill_mapping` (
  `Skill_ID` int NOT NULL,
  `Role_ID` int NOT NULL,
  PRIMARY KEY (`Skill_ID`,`Role_ID`),
  KEY `Role_ID` (`Role_ID`)
);

--
-- Dumping data for table `role_skill_mapping`
--

INSERT INTO `role_skill_mapping` (`Skill_ID`, `Role_ID`) VALUES
(1, 1),
(10, 1),
(12, 1),
(14, 1),
(15, 1),
(20, 1),
(21, 1),
(25, 1),
(51, 1),
(53, 1),
(54, 1),
(61, 1),
(72, 1),
(20, 2),
(21, 2),
(24, 2),
(53, 2),
(70, 2),
(72, 2),
(79, 2),
(19, 5),
(20, 5),
(21, 5),
(24, 5),
(28, 5),
(53, 5),
(72, 5),
(78, 5),
(1, 6),
(10, 6),
(12, 6),
(14, 6),
(21, 6),
(25, 6),
(50, 6),
(52, 6),
(53, 6),
(54, 6),
(56, 6),
(61, 6),
(72, 6),
(73, 6),
(1, 7),
(12, 7),
(14, 7),
(20, 7),
(21, 7),
(25, 7),
(52, 7),
(53, 7),
(54, 7),
(56, 7),
(72, 7),
(4, 8),
(5, 8),
(6, 8),
(13, 8),
(14, 8),
(17, 8),
(18, 8),
(20, 8),
(21, 8),
(22, 8),
(26, 8),
(52, 8),
(53, 8),
(54, 8),
(56, 8),
(66, 8),
(67, 8),
(68, 8),
(69, 8),
(72, 8),
(74, 8),
(81, 8),
(10, 9),
(21, 9),
(53, 9),
(72, 9),
(80, 9),
(2, 10),
(3, 10),
(7, 10),
(20, 10),
(21, 10),
(25, 10),
(33, 10),
(34, 10),
(36, 10),
(38, 10),
(53, 10),
(55, 10),
(56, 10),
(63, 10),
(76, 10),
(77, 10),
(2, 11),
(7, 11),
(21, 11),
(25, 11),
(31, 11),
(34, 11),
(35, 11),
(36, 11),
(55, 11),
(59, 11),
(72, 11),
(77, 11),
(2, 12),
(3, 12),
(7, 12),
(8, 12),
(11, 12),
(20, 12),
(21, 12),
(25, 12),
(31, 12),
(34, 12),
(35, 12),
(36, 12),
(37, 12),
(55, 12),
(56, 12),
(57, 12),
(58, 12),
(72, 12),
(77, 12),
(11, 13),
(21, 13),
(27, 13),
(29, 13),
(32, 13),
(39, 13),
(40, 13),
(41, 13),
(49, 13),
(56, 13),
(65, 13),
(75, 13),
(79, 13),
(20, 14),
(21, 14),
(28, 14),
(29, 14),
(30, 14),
(40, 14),
(42, 14),
(48, 14),
(65, 14),
(14, 15),
(20, 15),
(21, 15),
(43, 15),
(44, 15),
(47, 15),
(53, 15),
(56, 15),
(64, 15),
(72, 15),
(11, 16),
(21, 16),
(32, 16),
(39, 16),
(41, 16),
(42, 16),
(56, 16),
(65, 16),
(79, 16),
(20, 17),
(21, 17),
(53, 17),
(63, 17),
(20, 18),
(21, 18),
(29, 18),
(40, 18),
(42, 18),
(45, 18),
(46, 18),
(53, 18),
(65, 18),
(20, 19),
(21, 19),
(53, 19),
(56, 19),
(71, 19),
(1, 20),
(10, 20),
(12, 20),
(14, 20),
(15, 20),
(20, 20),
(21, 20),
(25, 20),
(50, 20),
(51, 20),
(53, 20),
(54, 20),
(56, 20),
(61, 20),
(72, 20),
(73, 20),
(10, 21),
(15, 21),
(16, 21),
(20, 21),
(21, 21),
(23, 21),
(24, 21),
(53, 21),
(60, 21),
(72, 21),
(73, 21),
(79, 21),
(9, 22),
(20, 22),
(21, 22),
(53, 22),
(1, 23),
(10, 23),
(12, 23),
(14, 23),
(21, 23),
(25, 23),
(50, 23),
(52, 23),
(53, 23),
(54, 23),
(56, 23),
(61, 23),
(72, 23),
(73, 23),
(14, 24),
(20, 24),
(21, 24),
(22, 24),
(44, 24),
(47, 24),
(50, 24),
(52, 24),
(53, 24),
(56, 24),
(62, 24),
(64, 24),
(72, 24),
(74, 24),
(16, 25),
(82, 26);

-- --------------------------------------------------------

--
-- Table structure for table `skill`
--

DROP TABLE IF EXISTS `skill`;
CREATE TABLE IF NOT EXISTS `skill` (
  `Skill_ID` int NOT NULL AUTO_INCREMENT,
  `Skill_Name` varchar(100) NOT NULL,
  `Skill_Desc` varchar(1000) NOT NULL,
  `Skill_Status` varchar(15) NOT NULL,
  PRIMARY KEY (`Skill_ID`)
);

--
-- Dumping data for table `skill`
--

INSERT INTO `skill` (`Skill_ID`, `Skill_Name`, `Skill_Desc`, `Skill_Status`) VALUES
(1, 'Account Management', 'Manage, maintain and grow the sales and relationships with a specific customer or set of accounts', 'Active'),
(2, 'Accounting and Tax Systems', 'Implement accounting or tax software systems in the organisation', 'Active'),
(3, 'Accounting Standards', 'Apply financial reporting framework prescribed by the relevant governing body to ensure all transactions meet regulatory requirements', 'Active'),
(4, 'Applications Development', 'Develop applications based on the design specifications; encompassing coding, testing, debugging, documenting and reviewing and/or refining it across the application development stages in accordance with defined standards for development and security', 'Active'),
(5, 'Applications Integration', 'Integrate data or functions from one application program with that of another application program ', 'Active'),
(6, 'Applications Support and Enhancement', 'Provide ongoing technical support and improvements to users of applications', 'Active'),
(7, 'Audit Compliance', 'Ensure compliance with corporate policies and guidelines', 'Active'),
(8, 'Audit Frameworks', 'Develop quality assurance frameworks to meet regulatory requirements', 'Active'),
(9, 'Automated Equipment and Control Configuration', 'Configure automated equipment and control systems to support biopharmaceuticals and manufacturing processes', 'Active'),
(10, 'Budgeting', 'Prepare organisational budgets to support short', 'Active'),
(11, 'Business Acumen', 'Assess the impact of changes in the business organisation, environment, and industry', 'Active'),
(12, 'Business Development', 'Develop and implement plans to enhance organisation\'s business performance and growth', 'Active'),
(13, 'Business Environment Analysis', 'Analyse data pertaining to the business landscape and environment, including competitor', 'Active'),
(14, 'Business Needs Analysis', 'Identify and scope business requirements and priorities through rigorous information gathering and analysis as well as clarification of the solutions, initiatives and programmes to enable effective delivery', 'Active'),
(15, 'Business Negotiation', 'Conduct negotiations to establish win', 'Active'),
(16, 'Business Presentation Delivery', 'Perform required tasks to prepare and present information in various business settings involving preparation, understanding of audience, delivery and tailoring of messages to be conveyed', 'Active'),
(17, 'Business Requirements Mapping', 'Map business requirements to existing processes to identify gaps or opportunities for possible solutions and evaluate impact of solutions against requirements to propose adjustments as needed ', 'Active'),
(18, 'Business Risk Management', 'Forecast and assess existing and potential IT risks which impact the operation and/or profitability to the business as well as the development and roll out of company', 'Active'),
(19, 'Call Centre Management', 'Implement and manage call centre operations to address queries and needs of customers', 'Active'),
(20, 'Collaboration', 'Manage relationships and work collaboratively and effectively with others to achieve goals', 'Active'),
(21, 'Communication', 'Convey and exchange thoughts, ideas and information effectively through various mediums and approaches', 'Active'),
(22, 'Configuration Tracking', 'Track systematically and manage changes and revisions in software projects to ensure that all changes are accounted for and to protect assets against unauthorized change, diversion and inappropriate use', 'Active'),
(23, 'Customer Acquisition Management', 'Develop customer acquisition strategies as well as foster customer relationships to attract new customers', 'Active'),
(24, 'Customer Relationship Management', 'Initiate and drive activities to enhance customer relationships and brand loyalty for the organisation', 'Active'),
(25, 'Data Analytics', 'Apply data extraction and analytic methods to analyse and evaluate financial and non', 'Active'),
(26, 'Database Administration', 'Perform Installation, coordination and upgrading of databases and database servers, performance monitoring and troubleshooting', 'Active'),
(27, 'Developing People', 'Empower others to learn and develop their capabilities to enhance their performance and achieve personal or professional goals', 'Active'),
(28, 'Digital Fluency', 'Leverage digital technology tools, systems, and software across work processes and activities to solve problems, drive efficiency and facilitate information sharing', 'Active'),
(29, 'Employee Communication Management', 'Formulate overall employee communication strategies and facilitate conversations to ensure effective and timely dissemination of pertinent information to employees', 'Active'),
(30, 'Employee Engagement Management', 'Drive employee engagement programmes to facilitate commitment from employees to organisational values, vision and objectives', 'Active'),
(31, 'Finance Business Partnering', 'Generate finance', 'Active'),
(32, 'Financial Acumen', 'Exercise financial insight to establish budgets for human resource (HR) activities and monitor HR operations and outcomes against financial plans', 'Active'),
(33, 'Financial Closing', 'Carry out month-end closing and reconciliation to ensure financial records are maintained properly', 'Active'),
(34, 'Financial Management', 'Ensure healthy finance to aid business growth and operations', 'Active'),
(35, 'Financial Planning', 'Evaluate and develop budget in line with organisation', 'Active'),
(36, 'Financial Reporting', 'Prepare general-purpose financial statements and disclosure notes in accordance with applicable financial reporting framework', 'Active'),
(37, 'Financial Statements Analysis', 'Analyse financial statements in accordance with the applicable frameworks', 'Active'),
(38, 'Financial Transactions', 'Prepare business documentation and cash balances', 'Active'),
(39, 'Human Resource Advisory', 'Deliver human resource (HR) advisory and consultancy services to internal and external clients to meet their requirements', 'Active'),
(40, 'Human Resource Practices Implementation', 'Implement of human resource (HR) practices by integrating local and international requirements, guidelines and best practices', 'Active'),
(41, 'Human Resource Strategy Formulation', 'Establish human resource (HR) strategies and priorities that are aligned with current and future business needs', 'Active'),
(42, 'Human Resource Systems Management', 'Establish and manage effective and efficient human resource (HR) management systems', 'Active'),
(43, 'Infrastructure Deployment', 'Set up, deploy and decommission infrastructure components and associated equipment in accordance to a set plan and established safety and/or quality procedures', 'Active'),
(44, 'Infrastructure Support', 'Provide services to end users by systematically identifying, classifying and troubleshooting technical issues and incidents that disrupt and impact their day', 'Active'),
(45, 'Learning and Development Programme Management', 'Establish and implement learning and development programmes and channels to facilitate employees\' growth and capability building', 'Active'),
(46, 'Learning Needs Analysis', 'Identify the learning needs of the learners\' workplace, department or division in accordance to the Learning Needs Analysis Framework', 'Active'),
(47, 'Network Administration and Maintenance', 'Monitor network in order to provide for optimum levels of network performance and minimisation of downtime', 'Active'),
(48, 'Onboarding', 'Facilitate onboarding programmes to enable the integration and engagement of new hires into the organisation', 'Active'),
(49, 'Organisational Design', 'Develop and facilitate the implementation of organisational design to ensure its effectiveness and alignment with stakeholders\' priorities', 'Active'),
(50, 'People and Performance Management', 'Establish and implement performance management and remuneration strategies in the organisation to drive business results', 'Active'),
(51, 'Pricing Strategy', 'Analyse product, organisational and market factors, trends, pricing scenarios and valuation models to develop effective pricing strategies for products and solutions ', 'Active'),
(52, 'Problem Management', 'Manage the lifecycle of problems to prevent problems and incidents from occurring, eliminate recurring incidents and minimise impact of unavoidable incidents', 'Active'),
(53, 'Problem Solving', 'Generate effective and efficient solutions to solve problems and capitalise on new opportunities', 'Active'),
(54, 'Product Management', 'Create and manage a product roadmap, involving the ideating, planning, forecasting, marketing and management of a product or a suite of products throughout stages of its lifecycle, from its conceptualisation to market entrance and eventual phasing', 'Active'),
(55, 'Professional and Business Ethics', 'Foster strong ethical standards and resolve ethical conflicts in accordance with the relevant principles and processes', 'Active'),
(56, 'Project Management', 'Execute projects by managing stakeholder engagement, resources, budgets and resolving problems', 'Active'),
(57, 'Regulatory Compliance', 'Comply with policies, procedures, and external regulations', 'Active'),
(58, 'Regulatory Risk Assessment', 'Analyse the impact of latest global regulatory developments and relevant laws on overall audit and/or engagement strategies', 'Active'),
(59, 'Regulatory Strategy', 'Align regulatory activities with business strategies', 'Active'),
(60, 'Sales Closure', 'Perform numerical calculations and execute selling strategies to complete sales of products and services to the satisfaction of customers', 'Active'),
(61, 'Sales Strategy', 'Develop a sales strategy, plan and targets, considering market potential, industry trends and various internal and external business factors as well as the evaluation and further refinement of the sales strategy', 'Active'),
(62, 'Security Administration', 'Administer, configure and update of security programmes and mechanisms, including the application of system patches to ensure that enterprise assets are adequately protected against threats', 'Active'),
(63, 'Sense Making', 'Leverage sources of qualitative and quantitative information and data to recognise patterns, spot opportunities, infer insights and inform decisions', 'Active'),
(64, 'Service Level Management', 'Plan, monitor and manage service provisions for the achievement of agreed service level targets', 'Active'),
(65, 'Skills Framework Adoption', 'Drive the adoption, integration and implementation of Skills Frameworks and their components in business and human resources activities throughout the organisation', 'Active'),
(66, 'Software Configuration', 'Configure software products, analytics and modelling solutions, and apply and/or modify scripts and automation tools to integrate and deploy releases to various platforms and operating environments ', 'Active'),
(67, 'Software Design', 'Create and refine the overall plan for the design of software, including the design of functional specifications starting from the defined business requirements as well as the consideration and incorporation of various controls, functionality and interoperability of different elements into a design blueprint or model which describes the overall architecture in hardware, software, databases, and third party frameworks that the software will use or interact with', 'Active'),
(68, 'Software Testing', 'Assess and test the overall effectiveness and performance of an application, involving the setting up of suitable testing conditions, definition of test cases and/or technical criteria ', 'Active'),
(69, 'Solution Architecture', 'Design or refine a solution blueprint or structure to guide the development of IT solutions in hardware, software, processes or related components, to meet current and future business needs', 'Active'),
(70, 'Solutions Design Thinking', 'Solutions Design Thinking', 'Active'),
(71, 'SOP Development and Implementation', 'Develop Standard Operating Procedures (SOPs) and implement procedures to ensure that process operational tasks for all modes of plant operation are performed correctly and consistently in accordance with regulatory and organisational objectives', 'Active'),
(72, 'Stakeholder Management', 'Manage stakeholder expectations to ensure continuous levels of engagement by identifying and addressing needs, setting service standards and resolving issues in accordance with organisational procedures', 'Active'),
(73, 'Strategy Planning', 'Develop organisational strategies and policies by analysing the impact of internal and external influencing factors and seeking consultation from relevant stakeholders', 'Active'),
(74, 'System Integration', 'Develop and implement a roadmap and specific integration solutions to facilitate integration of various ICT components and optimise inter', 'Active'),
(75, 'Talent Management', 'Drive talent management strategies and programmes to identify, develop, review and retain talent to meet the current and future organisational needs', 'Active'),
(76, 'Tax Computation', 'Compute Goods and Services Tax, and tax liabilities', 'Active'),
(77, 'Tax Implications', 'Assess tax implication of changes in tax laws', 'Active'),
(78, 'Technology Application', 'Integrate technologies into operations of the organisation to optimise efficiency and effectiveness of processes', 'Active'),
(79, 'Technology Integration', 'Integrate new and emerging technology products, services and developments to enhance human resource (HR) operations and service delivery', 'Active'),
(80, 'Technology Road Mapping', 'Plan short-term and long-term goals with specific technology solutions to help meet those goals in order to make capital out of future market needs', 'Active'),
(81, 'User Interface Design', 'Design user interfaces for machines and software, incorporating visual, technical and functional elements that facilitate ease of access, understanding and usage', 'Active'),
(82, 'Event Planning', 'Proficiency in event planning and coordination, including organizing and managing corporate meetings and gatherings.', 'Active');

-- --------------------------------------------------------

--
-- Table structure for table `staff`
--

DROP TABLE IF EXISTS `staff`;
CREATE TABLE IF NOT EXISTS `staff` (
  `Staff_ID` int NOT NULL AUTO_INCREMENT,
  `Staff_FName` varchar(100) NOT NULL,
  `Staff_LName` varchar(100) NOT NULL,
  `Email` varchar(100) NOT NULL,
  `Country` varchar(100) NOT NULL,
  `Dept` varchar(100) NOT NULL,
  `Password` varchar(100) NOT NULL,
  `Role_ID` int NOT NULL,
  `Access_Rights` int NOT NULL,
  PRIMARY KEY (`Staff_ID`),
  KEY `Role_ID` (`Role_ID`),
  KEY `Access_Rights` (`Access_Rights`)
);

--
-- Dumping data for table `staff`
--

INSERT INTO `staff` (`Staff_ID`, `Staff_FName`, `Staff_LName`, `Email`, `Country`, `Dept`, `Password`, `Role_ID`, `Access_Rights`) VALUES
(130001, 'John', 'Sim', 'jack.sim@allinone.com.sg', 'Singapore', 'Chariman', 'Fv1Ht1', 4, 1),
(130002, 'Jack', 'Sim', 'jack.sim@allinone.com.sg', 'Singapore', 'CEO', 'Ar7Me9', 3, 1),
(140001, 'Derek', 'Tan', 'Derek.Tan@allinone.com.sg', 'Singapore', 'Sales', 'Vl7Ca4', 20, 3),
(140002, 'Susan', 'Goh', 'Susan.Goh@allinone.com.sg', 'Singapore', 'Sales', 'Mz9Ln1', 21, 2),
(140003, 'Janice', 'Chan', 'Janice.Chan@allinone.com.sg', 'Singapore', 'Sales', 'Xx3Bd7', 21, 2),
(140004, 'Mary', 'Teo', 'Mary.Teo@allinone.com.sg', 'Singapore', 'Sales', 'Je8Nu6', 21, 2),
(140008, 'Jaclyn', 'Lee', 'Jaclyn.Lee@allinone.com.sg', 'Singapore', 'Sales', 'Wq8Ws4', 20, 3),
(140015, 'Oliva', 'Lim', 'Oliva.Lim@allinone.com.sg', 'Singapore', 'Sales', 'If0Hh3', 21, 2),
(140025, 'Emma', 'Heng', 'Emma.Heng@allinone.com.sg', 'Singapore', 'Sales', 'Yw1Oo3', 21, 2),
(140036, 'Charlotte', 'Wong', 'Charlotte.Wong@allinone.com.sg', 'Singapore', 'Sales', 'Tf9Gs4', 21, 2),
(140078, 'Amelia', 'Ong', 'Amelia.Ong@allinone.com.sg', 'Singapore', 'Sales', 'Hj3La1', 21, 2),
(140102, 'Eva', 'Yong', 'Eva.Yong@allinone.com.sg', 'Singapore', 'Sales', 'Fk9Hp7', 21, 2),
(140103, 'Sophia', 'Toh', 'Sophia.Toh@allinone.com.sg', 'Singapore', 'Sales', 'Td1Hc7', 20, 3),
(140108, 'Liam', 'The', 'Liam.The@allinone.com.sg', 'Singapore', 'Sales', 'Dq0By3', 21, 2),
(140115, 'Noah', 'Ng', 'Noah.Ng@allinone.com.sg', 'Singapore', 'Sales', 'Bf7Ld2', 21, 2),
(140525, 'Oliver', 'Tan', 'Oliver.Tan@allinone.com.sg', 'Singapore', 'Sales', 'Ft4Fw2', 21, 2),
(140736, 'William', 'Fu', 'William.Fu@allinone.com.sg', 'Singapore', 'Sales', 'Wx4Iz6', 21, 2),
(140878, 'James', 'Tong', 'James.Tong@allinone.com.sg', 'Singapore', 'Sales', 'Yp2Kh3', 21, 2),
(140879, 'Siti', 'Abdullah', 'Siti.Abdullah@allinone.com.sg', 'Singapore', 'Sales', 'Ry5Nl9', 20, 3),
(140880, 'Heng', 'Chan', 'Heng.Chan@allinone.com.sg', 'Singapore', 'Sales', 'Md2Kv3', 21, 2),
(140881, 'Rina', 'Tan', 'Rina.Tan@allinone.com.sg', 'Singapore', 'Sales', 'Jc3Bm1', 21, 2),
(140882, 'Boun', 'Souk', 'Boun.Souk@allinone.com.sg', 'Singapore', 'Sales', 'Sf1Uh5', 21, 2),
(140883, 'Aung', 'Kyaw', 'Aung.Kyaw@allinone.com.sg', 'Singapore', 'Sales', 'Ze4Jv0', 21, 2),
(140886, 'Thuy', 'Nguyen', 'Thuy.Nguyen@allinone.com.sg', 'Singapore', 'Sales', 'Ik9Ho7', 21, 2),
(140887, 'Rajesh', 'Kumar', 'Rajesh.Kumar@allinone.com.sg', 'Singapore', 'Sales', 'Xr3Uq4', 21, 2),
(140888, 'Koh', 'Lim', 'Koh.Lim@allinone.com.sg', 'Singapore', 'Sales', 'Ax0Sv6', 21, 2),
(140889, 'Somchai', 'Somboon', 'Somchai.Somboon@allinone.com.sg', 'Singapore', 'Sales', 'Rg7Mv0', 21, 2),
(140890, 'Seng', 'Lee', 'Seng.Lee@allinone.com.sg', 'Singapore', 'Sales', 'Wm4Hb2', 21, 2),
(140891, 'Anh', 'Tran', 'Anh.Tran@allinone.com.sg', 'Singapore', 'Sales', 'Az1No0', 21, 2),
(140892, 'Ratana', 'Chen', 'Ratana.Chen@allinone.com.sg', 'Singapore', 'Sales', 'Ce2Cw0', 21, 2),
(140893, 'Bui', 'Nguyen', 'Bui.Nguyen@allinone.com.sg', 'Singapore', 'Sales', 'Aa9Fv8', 21, 2),
(140894, 'Rahim', 'Khalid', 'Rahim.Khalid@allinone.com.sg', 'Singapore', 'Sales', 'Wg8Zy3', 20, 3),
(140895, 'Dewi', 'Putri', 'Dewi.Putri@allinone.com.sg', 'Singapore', 'Sales', 'Uf0Zt2', 21, 2),
(140898, 'Sokha', 'Seng', 'Sokha.Seng@allinone.com.sg', 'Singapore', 'Sales', 'Wc8Xe1', 21, 2),
(140900, 'Tuan', 'Nguyen', 'Tuan.Nguyen@allinone.com.sg', 'Singapore', 'Sales', 'Kl6Pu8', 21, 2),
(140901, 'Bao', 'Luu', 'Bao.Luu@allinone.com.sg', 'Singapore', 'Sales', 'Ie0Xz4', 21, 2),
(140903, 'Amara', 'Singh', 'Amara.Singh@allinone.com.my', 'Malaysia', 'Sales', 'Zk7Gz0', 21, 2),
(140904, 'Srey', 'Mao', 'Srey.Mao@allinone.com.my', 'Malaysia', 'Sales', 'Jd9Xo6', 21, 2),
(140905, 'Phuc', 'Le', 'Phuc.Le@allinone.com.my', 'Malaysia', 'Sales', 'Ef3Fn9', 21, 2),
(140908, 'Arifin', 'Saputra', 'Arifin.Saputra@allinone.com.my', 'Malaysia', 'Sales', 'Yc6Jd6', 21, 2),
(140909, 'Siti', 'Salleh', 'Siti.Salleh@allinone.com.my', 'Malaysia', 'Sales', 'Sd1Ij2', 21, 2),
(140910, 'Rina', 'Siriporn', 'Rina.Siriporn@allinone.com.id', 'Indonesia ', 'Sales', 'Kf6Mz3', 21, 2),
(140911, 'Minh', 'Ly', 'Minh.Ly@allinone.com.id', 'Indonesia ', 'Sales', 'Px9Lg1', 21, 2),
(140912, 'Chandara', 'Kim', 'Chandara.Kim@allinone.com.id', 'Indonesia ', 'Sales', 'Rb3Na1', 21, 2),
(140917, 'Heng', 'Phan', 'Heng.Phan@allinone.com.id', 'Indonesia ', 'Sales', 'Ny6Pj2', 21, 2),
(140918, 'Nara', 'Khun', 'Nara.Khun@allinone.com.id', 'Indonesia ', 'Sales', 'Eg0Az6', 21, 2),
(140919, 'Priya', 'Malik', 'Priya.Malik@allinone.com.id', 'Indonesia ', 'Sales', 'Ui2Sl5', 21, 2),
(140923, 'Ngoc', 'Trinh', 'Ngoc.Trinh@allinone.com.vn', 'Vietnam', 'Sales', 'Ir7Sb7', 21, 2),
(140924, 'Manoj', 'Kumar', 'Manoj.Kumar@allinone.com.vn', 'Vietnam', 'Sales', 'Cq1Kv4', 21, 2),
(140925, 'Anh', 'Pham', 'Anh.Pham@allinone.com.vn', 'Vietnam', 'Sales', 'Mn3Av0', 21, 2),
(140926, 'Somsak', 'Somsri', 'Somsak.Somsri@allinone.com.vn', 'Vietnam', 'Sales', 'He2Is9', 21, 2),
(140927, 'Chin', 'Lim', 'Chin.Lim@allinone.com.hk', 'Hong Kong', 'Sales', 'As9De8', 21, 2),
(140928, 'Sok', 'Chhay', 'Sok.Chhay@allinone.com.hk', 'Hong Kong', 'Sales', 'Sd9Ho4', 21, 2),
(140929, 'Tat', 'Nguyen', 'Tat.Nguyen@allinone.com.hk', 'Hong Kong', 'Sales', 'Ne4Os9', 21, 2),
(140933, 'Hlaing', 'Sithu', 'Hlaing.Sithu@allinone.com.hk', 'Hong Kong', 'Sales', 'Zy6Xe6', 21, 2),
(140934, 'Santhi', 'Perumal', 'Santhi.Perumal@allinone.com.hk', 'Hong Kong', 'Sales', 'Xz6Pq9', 21, 2),
(140935, 'Hakim', 'Siregar', 'Hakim.Siregar@allinone.com.hk', 'Hong Kong', 'Sales', 'Pq2Th7', 21, 2),
(140937, 'Sirirat', 'Chaiyaporn', 'Sirirat.Chaiyaporn@allinone.com.hk', 'Hong Kong', 'Sales', 'Aq7Qy0', 21, 2),
(140938, 'Chinh', 'Tran', 'Chinh.Tran@allinone.com.hk', 'Hong Kong', 'Sales', 'Zq8Cg4', 21, 2),
(140940, 'Siti', 'Ahmad', 'Siti.Ahmad@allinone.com.sg', 'Singapore', 'Sales', 'Zv3Wa1', 21, 2),
(140941, 'Chandra', 'Rai', 'Chandra.Rai@allinone.com.sg', 'Singapore', 'Sales', 'Mj7Rq2', 21, 2),
(140942, 'Ratana', 'Keo', 'Ratana.Keo@allinone.com.sg', 'Singapore', 'Sales', 'Jp6Vd4', 21, 2),
(140944, 'Yee', 'Lim', 'Yee.Lim@allinone.com.sg', 'Singapore', 'Sales', 'Fh7Lf9', 20, 3),
(140945, 'Wai', 'Yong', 'Wai.Yong@allinone.com.sg', 'Singapore', 'Sales', 'Uh6Oi9', 21, 2),
(140947, 'Thi', 'Pham', 'Thi.Pham@allinone.com.sg', 'Singapore', 'Sales', 'Nn7Kf8', 21, 2),
(140948, 'Nara', 'Sok', 'Nara.Sok@allinone.com.sg', 'Singapore', 'Sales', 'Xd5Fk0', 21, 2),
(150008, 'Eric', 'Loh', 'Eric.Loh@allinone.com.sg', 'Singapore', 'Solutioning', 'Ut9Pq7', 23, 3),
(150065, 'Noah', 'Goh', 'Noah.Goh@allinone.com.sg', 'Singapore', 'Engineering', 'Ll4Kk6', 22, 2),
(150075, 'Liam', 'Tan', 'Liam.Tan@allinone.com.sg', 'Singapore', 'Engineering', 'Mi8Zf7', 22, 2),
(150076, 'Oliver', 'Chan', 'Oliver.Chan@allinone.com.sg', 'Singapore', 'Engineering', 'We8Nh6', 22, 2),
(150085, 'Michael', 'Ng', 'Michael.Ng@allinone.com.sg', 'Singapore', 'Engineering', 'Bz9Kf7', 22, 2),
(150095, 'Alexander', 'The', 'Alexander.The@allinone.com.sg', 'Singapore', 'Engineering', 'Vk1Ef5', 22, 2),
(150096, 'Ethan', 'Tan', 'Ethan.Tan@allinone.com.sg', 'Singapore', 'Engineering', 'Mg8Jc3', 22, 2),
(150115, 'Jaclyn', 'Lee', 'Jaclyn.Lee@allinone.com.sg', 'Singapore', 'Engineering', 'Nd4Qf0', 22, 2),
(150118, 'William', 'Teo', 'William.Teo@allinone.com.sg', 'Singapore', 'Engineering', 'Ik9Bn0', 22, 2),
(150125, 'Mary', 'Teo', 'Mary.Teo@allinone.com.sg', 'Singapore', 'Engineering', 'Gl2Rz7', 22, 2),
(150126, 'Oliva', 'Lim', 'Oliva.Lim@allinone.com.sg', 'Singapore', 'Engineering', 'Pn8Ed3', 22, 2),
(150138, 'Daniel', 'Fu', 'Daniel.Fu@allinone.com.sg', 'Singapore', 'Engineering', 'Mq7Sb0', 22, 2),
(150142, 'James', 'Lee', 'James.Lee@allinone.com.sg', 'Singapore', 'Engineering', 'Bo1Sv9', 22, 2),
(150143, 'John', 'Lim', 'John.Lim@allinone.com.sg', 'Singapore', 'Engineering', 'Pb5Qv3', 22, 3),
(150148, 'Jack', 'Heng', 'Jack.Heng@allinone.com.sg', 'Singapore', 'Engineering', 'Ad2Wi4', 22, 2),
(150155, 'Derek', 'Wong', 'Derek.Wong@allinone.com.sg', 'Singapore', 'Engineering', 'Lr2Zg6', 22, 2),
(150162, 'Jacob', 'Tong', 'Jacob.Tong@allinone.com.sg', 'Singapore', 'Engineering', 'Ow4Wb8', 22, 2),
(150163, 'Logan', 'Loh', 'Logan.Loh@allinone.com.sg', 'Singapore', 'Engineering', 'Rb7Hm7', 22, 2),
(150165, 'Oliver', 'Tan', 'Oliver.Tan@allinone.com.sg', 'Singapore', 'Engineering', 'Ji8Lh6', 22, 2),
(150166, 'William', 'Fu', 'William.Fu@allinone.com.sg', 'Singapore', 'Engineering', 'Jx3Co5', 22, 2),
(150168, 'Jackson', 'Tan', 'Jackson.Tan@allinone.com.sg', 'Singapore', 'Engineering', 'Br6Ud3', 22, 2),
(150175, 'Aiden', 'Tan', 'Aiden.Tan@allinone.com.sg', 'Singapore', 'Engineering', 'Lq9He1', 19, 2),
(150192, 'Emma', 'Heng', 'Emma.Heng@allinone.com.sg', 'Singapore', 'Engineering', 'Sm5Sb5', 19, 2),
(150193, 'Charlotte', 'Wong', 'Charlotte.Wong@allinone.com.sg', 'Singapore', 'Engineering', 'Lo0Ws1', 19, 2),
(150198, 'Amelia', 'Ong', 'Amelia.Ong@allinone.com.sg', 'Singapore', 'Engineering', 'Sh2Pw8', 19, 2),
(150205, 'Eva', 'Yong', 'Eva.Yong@allinone.com.sg', 'Singapore', 'Engineering', 'Of7Wn2', 19, 2),
(150208, 'James', 'Tong', 'James.Tong@allinone.com.sg', 'Singapore', 'Engineering', 'Sz4Mp6', 19, 2),
(150215, 'Michael', 'Lee', 'Michael.Lee@allinone.com.sg', 'Singapore', 'Engineering', 'Ug0Wd3', 19, 2),
(150216, 'Ethan', 'Lim', 'Ethan.Lim@allinone.com.sg', 'Singapore', 'Engineering', 'Ud8Dv9', 19, 2),
(150232, 'John', 'Loh', 'John.Loh@allinone.com.sg', 'Singapore', 'Engineering', 'Os6Ap7', 19, 2),
(150233, 'Jack', 'Tan', 'Jack.Tan@allinone.com.sg', 'Singapore', 'Engineering', 'Du7Tp8', 19, 2),
(150238, 'Derek', 'Tan', 'Derek.Tan@allinone.com.sg', 'Singapore', 'Engineering', 'Ik4Ur4', 19, 2),
(150245, 'Benjamin', 'Tan', 'Benjamin.Tan@allinone.com.sg', 'Singapore', 'Engineering', 'We6Or5', 19, 3),
(150258, 'Daniel', 'Heng', 'Daniel.Heng@allinone.com.sg', 'Singapore', 'Engineering', 'Ga8Xc1', 19, 2),
(150265, 'Jaclyn', 'Tong', 'Jaclyn.Tong@allinone.com.sg', 'Singapore', 'Engineering', 'Wi3Al2', 19, 2),
(150275, 'Mary', 'Fu', 'Mary.Fu@allinone.com.sg', 'Singapore', 'Engineering', 'Kv0Az7', 19, 2),
(150276, 'Oliva', 'Loh', 'Oliva.Loh@allinone.com.sg', 'Singapore', 'Engineering', 'Cx1Sh8', 19, 2),
(150282, 'Jacob', 'Wong', 'Jacob.Wong@allinone.com.sg', 'Singapore', 'Engineering', 'Eo5Jx2', 19, 2),
(150283, 'Logan', 'Ong', 'Logan.Ong@allinone.com.sg', 'Singapore', 'Engineering', 'Xy4Xd3', 19, 2),
(150288, 'Jackson', 'Yong', 'Jackson.Yong@allinone.com.sg', 'Singapore', 'Engineering', 'Hi6Oc1', 19, 2),
(150295, 'Aiden', 'Toh', 'Aiden.Toh@allinone.com.sg', 'Singapore', 'Engineering', 'Bz7Xc4', 19, 2),
(150318, 'Emma', 'Tan', 'Emma.Tan@allinone.com.sg', 'Singapore', 'Engineering', 'Yl4Hv2', 19, 2),
(150342, 'Charlotte', 'Tan', 'Charlotte.Tan@allinone.com.sg', 'Singapore', 'Engineering', 'Os8Pp9', 19, 2),
(150343, 'Amelia', 'Tan', 'Amelia.Tan@allinone.com.sg', 'Singapore', 'Engineering', 'Pj8Nj8', 19, 2),
(150345, 'William', 'Heng', 'William.Heng@allinone.com.sg', 'Singapore', 'Engineering', 'Ot3Bt9', 19, 3),
(150348, 'Eva', 'Goh', 'Eva.Goh@allinone.com.sg', 'Singapore', 'Engineering', 'Qs5Jm9', 19, 2),
(150355, 'Sophia', 'Chan', 'Sophia.Chan@allinone.com.sg', 'Singapore', 'Engineering', 'Bv3Rk8', 19, 2),
(150356, 'James', 'Wong', 'James.Wong@allinone.com.sg', 'Singapore', 'Engineering', 'Cf3Ui6', 19, 2),
(150398, 'John', 'Ong', 'John.Ong@allinone.com.sg', 'Singapore', 'Engineering', 'Qs1Yu4', 19, 2),
(150422, 'Jack', 'Yong', 'Jack.Yong@allinone.com.sg', 'Singapore', 'Engineering', 'Zb7Ck1', 19, 2),
(150423, 'Derek', 'Toh', 'Derek.Toh@allinone.com.sg', 'Singapore', 'Engineering', 'Ne7Gl3', 19, 2),
(150428, 'Benjamin', 'The', 'Benjamin.The@allinone.com.sg', 'Singapore', 'Engineering', 'Cm5Qy0', 19, 2),
(150435, 'Lucas', 'Ng', 'Lucas.Ng@allinone.com.sg', 'Singapore', 'Engineering', 'Ff4Tn4', 5, 2),
(150445, 'Ethan', 'Loh', 'Ethan.Loh@allinone.com.sg', 'Singapore', 'Engineering', 'Wl2Wp6', 5, 2),
(150446, 'Daniel', 'Tan', 'Daniel.Tan@allinone.com.sg', 'Singapore', 'Engineering', 'Mt5Pw7', 5, 2),
(150488, 'Jacob', 'Tan', 'Jacob.Tan@allinone.com.sg', 'Singapore', 'Engineering', 'Yy3Xa4', 5, 2),
(150512, 'Logan', 'Tan', 'Logan.Tan@allinone.com.sg', 'Singapore', 'Engineering', 'Jm6Hw2', 5, 2),
(150513, 'Jackson', 'Goh', 'Jackson.Goh@allinone.com.sg', 'Singapore', 'Engineering', 'Ff3Uo6', 5, 2),
(150518, 'Aiden', 'Chan', 'Aiden.Chan@allinone.com.sg', 'Singapore', 'Engineering', 'Nd2Am2', 5, 2),
(150525, 'Samuel', 'Teo', 'Samuel.Teo@allinone.com.sg', 'Singapore', 'Engineering', 'Vf4Np4', 5, 2),
(150555, 'Jaclyn', 'Wong', 'Jaclyn.Wong@allinone.com.sg', 'Singapore', 'Engineering', 'Eu3Rw9', 5, 3),
(150565, 'Benjamin', 'Ong', 'Benjamin.Ong@allinone.com.sg', 'Singapore', 'Engineering', 'Fb9Te3', 5, 2),
(150566, 'Oliva', 'Ong', 'Oliva.Ong@allinone.com.sg', 'Singapore', 'Engineering', 'Ib3Zq0', 5, 2),
(150585, 'Samuel', 'Tan', 'Samuel.Tan@allinone.com.sg', 'Singapore', 'Engineering', 'Nb4Ge2', 5, 2),
(150608, 'Emma', 'Yong', 'Emma.Yong@allinone.com.sg', 'Singapore', 'Engineering', 'Qj8Mr1', 5, 2),
(150615, 'Sophia', 'Toh', 'Sophia.Toh@allinone.com.sg', 'Singapore', 'Engineering', 'Sz1Mb7', 5, 2),
(150632, 'Charlotte', 'Toh', 'Charlotte.Toh@allinone.com.sg', 'Singapore', 'Engineering', 'Kj7Dp3', 5, 2),
(150633, 'Amelia', 'The', 'Amelia.The@allinone.com.sg', 'Singapore', 'Engineering', 'Wc1Va2', 5, 2),
(150638, 'Eva', 'Ng', 'Eva.Ng@allinone.com.sg', 'Singapore', 'Engineering', 'Tv7Kd5', 5, 2),
(150645, 'Sophia', 'Tan', 'Sophia.Tan@allinone.com.sg', 'Singapore', 'Engineering', 'Hs4Zl1', 5, 2),
(150655, 'Lucas', 'Goh', 'Lucas.Goh@allinone.com.sg', 'Singapore', 'Engineering', 'Vk1Yq7', 5, 2),
(150695, 'William', 'Tan', 'William.Tan@allinone.com.sg', 'Singapore', 'Engineering', 'Ma2Jr1', 5, 2),
(150705, 'Samuel', 'The', 'Samuel.The@allinone.com.sg', 'Singapore', 'Engineering', 'Yp0Rn6', 5, 2),
(150765, 'Liam', 'Teo', 'Liam.Teo@allinone.com.sg', 'Singapore', 'Engineering', 'Ix1Cr4', 5, 2),
(150776, 'Lucas', 'Yong', 'Lucas.Yong@allinone.com.sg', 'Singapore', 'Engineering', 'In5Ft0', 5, 2),
(150796, 'Susan', 'Goh', 'Susan.Goh@allinone.com.sg', 'Singapore', 'Engineering', 'Ti6Yb7', 5, 2),
(150826, 'Liam', 'The', 'Liam.The@allinone.com.sg', 'Singapore', 'Engineering', 'Es4Ip0', 5, 2),
(150845, 'Henry', 'Tan', 'Henry.Tan@allinone.com.sg', 'Singapore', 'Engineering', 'Vr8Lj3', 5, 2),
(150866, 'Henry', 'Chan', 'Henry.Chan@allinone.com.sg', 'Singapore', 'Engineering', 'Wy5Pv8', 5, 3),
(150916, 'Susan', 'Ng', 'Susan.Ng@allinone.com.sg', 'Singapore', 'Engineering', 'Ae6Zg2', 5, 2),
(150918, 'Henry', 'Toh', 'Henry.Toh@allinone.com.sg', 'Singapore', 'Engineering', 'Nt5Ea4', 5, 2),
(150935, 'Susan', 'Lee', 'Susan.Lee@allinone.com.sg', 'Singapore', 'Engineering', 'Ls8Ov5', 5, 2),
(150938, 'Janice', 'Chan', 'Janice.Chan@allinone.com.sg', 'Singapore', 'Engineering', 'Pq1Jv1', 5, 2),
(150968, 'Noah', 'Ng', 'Noah.Ng@allinone.com.sg', 'Singapore', 'Engineering', 'Tp3Jf6', 5, 2),
(150976, 'Noah', 'Lee', 'Noah.Lee@allinone.com.sg', 'Singapore', 'Engineering', 'Zz6Kn8', 5, 2),
(151008, 'Alexander', 'Teo', 'Alexander.Teo@allinone.com.sg', 'Singapore', 'Engineering', 'Mj0Ra3', 5, 2),
(151055, 'Liam', 'Fu', 'Liam.Fu@allinone.com.sg', 'Singapore', 'Engineering', 'Zm5Ni7', 5, 2),
(151056, 'Alexander', 'Fu', 'Alexander.Fu@allinone.com.sg', 'Singapore', 'Engineering', 'Cw4Oq0', 5, 2),
(151058, 'Janice', 'Tan', 'Janice.Tan@allinone.com.sg', 'Singapore', 'Engineering', 'Yo5Ow5', 5, 2),
(151118, 'Oliver', 'Lim', 'Oliver.Lim@allinone.com.sg', 'Singapore', 'Engineering', 'Bw2Id0', 5, 2),
(151146, 'Janice', 'Lim', 'Janice.Lim@allinone.com.sg', 'Singapore', 'Engineering', 'Mj9Aw7', 5, 2),
(151198, 'Michael', 'Tong', 'Michael.Tong@allinone.com.sg', 'Singapore', 'Engineering', 'Ck4Uv4', 5, 2),
(151266, 'Noah', 'Tong', 'Noah.Tong@allinone.com.sg', 'Singapore', 'Engineering', 'Lf3Ki9', 5, 2),
(151288, 'Mary', 'Heng', 'Mary.Heng@allinone.com.sg', 'Singapore', 'Engineering', 'Nt5Sf6', 5, 2),
(151407, 'Oliver', 'Loh', 'Oliver.Loh@allinone.com.sg', 'Singapore', 'Engineering', 'Hu2Op6', 5, 2),
(151408, 'Philip', 'Lee', 'Philip.Lee@allinone.com.sg', 'Singapore', 'Engineering', 'Fi1Az4', 5, 3),
(151410, 'Phuong', 'Dinh', 'Phuong.Dinh@allinone.com.sg', 'Singapore', 'Engineering', 'Jy1Lm0', 5, 3),
(151411, 'Bao', 'Nguyen', 'Bao.Nguyen@allinone.com.sg', 'Singapore', 'Engineering', 'Nu5Pg3', 5, 2),
(151412, 'Wati', 'Halim', 'Wati.Halim@allinone.com.sg', 'Singapore', 'Engineering', 'Zx4Nj7', 5, 2),
(151413, 'Seng', 'Soeun', 'Seng.Soeun@allinone.com.sg', 'Singapore', 'Engineering', 'Rb8Ei9', 5, 2),
(151414, 'Yun', 'Lee', 'Yun.Lee@allinone.com.id', 'Indonesia ', 'Engineering', 'Qp1Ls3', 5, 2),
(151415, 'Aung', 'Tun', 'Aung.Tun@allinone.com.sg', 'Singapore', 'Engineering', 'Ip5Vy0', 5, 2),
(151416, 'Vannak', 'Chen', 'Vannak.Chen@allinone.com.my', 'Malaysia', 'Engineering', 'In5Sh7', 5, 2),
(151417, 'Pich', 'Sun', 'Pich.Sun@allinone.com.sg', 'Singapore', 'Engineering', 'Lr1Rm8', 5, 2),
(151418, 'Chandara', 'Khun', 'Chandara.Khun@allinone.com.vn', 'Vietnam', 'Engineering', 'Ll8Ng0', 5, 2),
(151419, 'Heng', 'Heng', 'Heng.Heng@allinone.com.sg', 'Singapore', 'Engineering', 'Ee6Bk0', 5, 2),
(151420, 'Siti', 'Ismail', 'Siti.Ismail@allinone.com.sg', 'Singapore', 'Engineering', 'Sa2Hd0', 5, 2),
(151425, 'Thuy', 'Phan', 'Thuy.Phan@allinone.com.hk', 'Hong Kong', 'Engineering', 'Kz0Va2', 5, 2),
(151426, 'Trung', 'Trinh', 'Trung.Trinh@allinone.com.sg', 'Singapore', 'Engineering', 'Ce0Ry2', 5, 2),
(151427, 'Rahul', 'Sharma', 'Rahul.Sharma@allinone.com.sg', 'Singapore', 'Engineering', 'Du1Az8', 5, 2),
(151428, 'Champa', 'Thao', 'Champa.Thao@allinone.com.sg', 'Singapore', 'Engineering', 'Qv3Er9', 5, 2),
(151430, 'Rithy', 'Chheng', 'Rithy.Chheng@allinone.com.sg', 'Singapore', 'Engineering', 'Bl0Og4', 5, 2),
(151431, 'Mani', 'Raj', 'Mani.Raj@allinone.com.sg', 'Singapore', 'Engineering', 'Fr0Lc9', 17, 2),
(151432, 'Sokunthea', 'Phan', 'Sokunthea.Phan@allinone.com.sg', 'Singapore', 'Engineering', 'Rn5Bd5', 17, 2),
(151433, 'Mani', 'Devi', 'Mani.Devi@allinone.com.id', 'Indonesia ', 'Engineering', 'Re4Mu9', 17, 2),
(151435, 'Somnang', 'Suon', 'Somnang.Suon@allinone.com.sg', 'Singapore', 'Engineering', 'Wh0Wu0', 17, 2),
(151436, 'Samsul', 'Rahman', 'Samsul.Rahman@allinone.com.my', 'Malaysia', 'Engineering', 'Vk6Us5', 17, 2),
(151438, 'Rath', 'Phan', 'Rath.Phan@allinone.com.sg', 'Singapore', 'Engineering', 'Gk7Yv7', 17, 2),
(151439, 'Ji', 'Han', 'Ji.Han@allinone.com.vn', 'Vietnam', 'Engineering', 'Cl0Wz4', 17, 3),
(151440, 'Sok', 'Pich', 'Sok.Pich@allinone.com.sg', 'Singapore', 'Engineering', 'Kk7Li8', 17, 2),
(151441, 'Minh', 'Hoang', 'Minh.Hoang@allinone.com.sg', 'Singapore', 'Engineering', 'Mw1Rd4', 17, 3),
(151443, 'Anil', 'Kumar', 'Anil.Kumar@allinone.com.hk', 'Hong Kong', 'Engineering', 'Hz1Wr0', 17, 3),
(151444, 'Chinh', 'Le', 'Chinh.Le@allinone.com.sg', 'Singapore', 'Engineering', 'Gf6Wy6', 17, 2),
(151446, 'Seng', 'Seng', 'Seng.Seng@allinone.com.sg', 'Singapore', 'Engineering', 'Mk0Tg2', 17, 2),
(151447, 'Nanda', 'Kesavan', 'Nanda.Kesavan@allinone.com.sg', 'Singapore', 'Engineering', 'Zq5Te5', 17, 2),
(151448, 'Amirah', 'Ahmad', 'Amirah.Ahmad@allinone.com.sg', 'Singapore', 'Engineering', 'Bh8Yw4', 17, 2),
(151450, 'Sokly', 'Sok', 'Sokly.Sok@allinone.com.sg', 'Singapore', 'Engineering', 'Ps7Ur5', 17, 2),
(151451, 'Trung', 'Pham', 'Trung.Pham@allinone.com.sg', 'Singapore', 'Engineering', 'Zc2Pc8', 17, 2),
(151452, 'Rithya', 'Suon', 'Rithya.Suon@allinone.com.id', 'Indonesia ', 'Engineering', 'Oc4Dq5', 17, 3),
(151456, 'Phuc', 'Vo', 'Phuc.Vo@allinone.com.sg', 'Singapore', 'Engineering', 'Hc9Ht4', 17, 2),
(151457, 'Chandra', 'Pandey', 'Chandra.Pandey@allinone.com.my', 'Malaysia', 'Engineering', 'Mj2Ha2', 17, 3),
(151458, 'Manoj', 'Singh', 'Manoj.Singh@allinone.com.sg', 'Singapore', 'Engineering', 'Yq8Xd2', 17, 2),
(151459, 'Phalla', 'Yong', 'Phalla.Yong@allinone.com.vn', 'Vietnam', 'Engineering', 'Qi4Ap7', 17, 2),
(151464, 'Chhaya', 'Sou', 'Chhaya.Sou@allinone.com.sg', 'Singapore', 'Engineering', 'Xo6Cl9', 17, 2),
(151465, 'Soma', 'Lim', 'Soma.Lim@allinone.com.sg', 'Singapore', 'Engineering', 'Gm7No8', 17, 2),
(151466, 'Siv', 'Sun', 'Siv.Sun@allinone.com.hk', 'Hong Kong', 'Engineering', 'Lu9Rz9', 17, 2),
(151467, 'Vannak', 'Mao', 'Vannak.Mao@allinone.com.sg', 'Singapore', 'Engineering', 'Or1Gb8', 17, 2),
(151468, 'Kumara', 'Seng', 'Kumara.Seng@allinone.com.sg', 'Singapore', 'Engineering', 'Qc7Wm9', 17, 2),
(151469, 'Sok', 'Heng', 'Sok.Heng@allinone.com.sg', 'Singapore', 'Engineering', 'Yr4Va5', 17, 2),
(151470, 'Siti', 'Saad', 'Siti.Saad@allinone.com.sg', 'Singapore', 'Engineering', 'Rw3Yv4', 17, 2),
(151471, 'Chanh', 'Ly', 'Chanh.Ly@allinone.com.sg', 'Singapore', 'Engineering', 'Fk8Am8', 17, 3),
(151472, 'Anh', 'Truong', 'Anh.Truong@allinone.com.sg', 'Singapore', 'Engineering', 'Xa1Mk8', 17, 2),
(151476, 'Hakim', 'Rahman', 'Hakim.Rahman@allinone.com.id', 'Indonesia ', 'Engineering', 'Ol8Io4', 17, 2),
(151477, 'Priya', 'Kaur', 'Priya.Kaur@allinone.com.sg', 'Singapore', 'Engineering', 'Hi0Lm2', 17, 2),
(151479, 'Narong', 'Chen', 'Narong.Chen@allinone.com.my', 'Malaysia', 'Engineering', 'It8Jy2', 17, 2),
(151480, 'Rin', 'Sok', 'Rin.Sok@allinone.com.sg', 'Singapore', 'Engineering', 'Gt7Lf5', 17, 2),
(151481, 'Phuc', 'Lam', 'Phuc.Lam@allinone.com.vn', 'Vietnam', 'Engineering', 'Yo0Wy7', 17, 2),
(151482, 'Sok', 'Chin', 'Sok.Chin@allinone.com.sg', 'Singapore', 'Engineering', 'Jl8By9', 17, 2),
(151483, 'Chandara', 'Kong', 'Chandara.Kong@allinone.com.sg', 'Singapore', 'Engineering', 'Ng3Uc6', 17, 2),
(151484, 'Phanith', 'Sok', 'Phanith.Sok@allinone.com.hk', 'Hong Kong', 'Engineering', 'Vf5Kt7', 17, 2),
(151485, 'Heng', 'Sim', 'Heng.Sim@allinone.com.sg', 'Singapore', 'Engineering', 'Lh1Kj4', 17, 2),
(151487, 'Nanda', 'Devan', 'Nanda.Devan@allinone.com.sg', 'Singapore', 'Engineering', 'Yz9Nw9', 17, 2),
(151488, 'Pich', 'Phan', 'Pich.Phan@allinone.com.sg', 'Singapore', 'Engineering', 'Wv7Tm3', 17, 2),
(151489, 'Anil', 'Sarawat', 'Anil.Sarawat@allinone.com.sg', 'Singapore', 'Engineering', 'Lz8Yo8', 17, 2),
(151491, 'Nguyen', 'Tuan', 'Nguyen.Tuan@allinone.com.sg', 'Singapore', 'Engineering', 'Wb2Nw3', 17, 2),
(151492, 'Bao', 'Kim', 'Bao.Kim@allinone.com.sg', 'Singapore', 'Engineering', 'Sv6Rl4', 17, 2),
(151493, 'Boun', 'Sok', 'Boun.Sok@allinone.com.id', 'Indonesia ', 'Engineering', 'Uc0Kb8', 17, 2),
(151494, 'Soma', 'Khun', 'Soma.Khun@allinone.com.sg', 'Singapore', 'Engineering', 'Gt8Mi5', 17, 2),
(151495, 'Samsul', 'Saifullah', 'Samsul.Saifullah@allinone.com.my', 'Malaysia', 'Engineering', 'Xu9Kp5', 17, 2),
(151496, 'Rina', 'Li', 'Rina.Li@allinone.com.sg', 'Singapore', 'Engineering', 'Vb2Bp6', 17, 2),
(151498, 'Mani', 'Prasad', 'Mani.Prasad@allinone.com.vn', 'Vietnam', 'Engineering', 'Kv4Nj9', 17, 2),
(151499, 'Koh', 'Seng', 'Koh.Seng@allinone.com.sg', 'Singapore', 'Engineering', 'Ox2Kp5', 17, 2),
(151500, 'Arifin', 'Siregar', 'Arifin.Siregar@allinone.com.sg', 'Singapore', 'Engineering', 'Ov7Db6', 17, 2),
(151502, 'Kumari', 'Devi', 'Kumari.Devi@allinone.com.hk', 'Hong Kong', 'Engineering', 'Eq2Mh4', 17, 2),
(151503, 'Narong', 'Khun', 'Narong.Khun@allinone.com.sg', 'Singapore', 'Engineering', 'Au0Iz6', 17, 2),
(151505, 'Thi', 'Lam', 'Thi.Lam@allinone.com.sg', 'Singapore', 'Engineering', 'St2Et6', 17, 2),
(151506, 'Vannak', 'Sok', 'Vannak.Sok@allinone.com.sg', 'Singapore', 'Engineering', 'Nl2Fg4', 17, 2),
(151507, 'Phuong', 'Nguyen', 'Phuong.Nguyen@allinone.com.sg', 'Singapore', 'Engineering', 'Rs3Ws2', 17, 2),
(151508, 'Srey', 'Makara', 'Srey.Makara@allinone.com.sg', 'Singapore', 'Engineering', 'Ai0Zj6', 17, 2),
(151509, 'Hlaing', 'Kyaw', 'Hlaing.Kyaw@allinone.com.sg', 'Singapore', 'Engineering', 'Ej8Ex6', 17, 2),
(151510, 'Anh', 'Ly', 'Anh.Ly@allinone.com.id', 'Indonesia ', 'Engineering', 'Em7Xu3', 17, 2),
(151512, 'Chin', 'Heng', 'Chin.Heng@allinone.com.sg', 'Singapore', 'Engineering', 'Pz4Jx7', 17, 2),
(151513, 'Nara', 'Yong', 'Nara.Yong@allinone.com.my', 'Malaysia', 'Engineering', 'Xq5Mp7', 17, 2),
(151514, 'Somchai', 'Phan', 'Somchai.Phan@allinone.com.sg', 'Singapore', 'Engineering', 'Ae5Qp3', 17, 2),
(151515, 'Rath', 'Sim', 'Rath.Sim@allinone.com.vn', 'Vietnam', 'Engineering', 'Dc3Fc2', 17, 2),
(151517, 'Chinh', 'Tran', 'Chinh.Tran@allinone.com.sg', 'Singapore', 'Engineering', 'Qu7Wx6', 17, 2),
(151518, 'Yee', 'Liu', 'Yee.Liu@allinone.com.sg', 'Singapore', 'Engineering', 'Mp1Mv6', 17, 2),
(151519, 'Heng', 'Chhour', 'Heng.Chhour@allinone.com.hk', 'Hong Kong', 'Engineering', 'El0Ge7', 17, 2),
(151520, 'Sokunthea', 'Soy', 'Sokunthea.Soy@allinone.com.sg', 'Singapore', 'Engineering', 'Kq3Nc3', 17, 2),
(151521, 'Champa', 'Thach', 'Champa.Thach@allinone.com.sg', 'Singapore', 'Engineering', 'Bl7Jg4', 17, 2),
(151523, 'Rahim', 'Ramli', 'Rahim.Ramli@allinone.com.sg', 'Singapore', 'Engineering', 'Ff4It0', 17, 2),
(151524, 'Hakim', 'Hassan', 'Hakim.Hassan@allinone.com.sg', 'Singapore', 'Engineering', 'Vr5Db3', 17, 2),
(151525, 'Trung', 'Le', 'Trung.Le@allinone.com.sg', 'Singapore', 'Engineering', 'Gp8Ck7', 17, 2),
(151526, 'Seng', 'Chhour', 'Seng.Chhour@allinone.com.sg', 'Singapore', 'Engineering', 'Hv0Vj7', 17, 2),
(151527, 'Narong', 'Mao', 'Narong.Mao@allinone.com.id', 'Indonesia ', 'Engineering', 'Yj1Su9', 17, 2),
(151528, 'Phuc', 'Phung', 'Phuc.Phung@allinone.com.sg', 'Singapore', 'Engineering', 'Cz4Rk8', 17, 2),
(151531, 'Chandara', 'Sin', 'Chandara.Sin@allinone.com.my', 'Malaysia', 'Engineering', 'My2Ix3', 17, 2),
(151533, 'Soma', 'San', 'Soma.San@allinone.com.sg', 'Singapore', 'Engineering', 'Um0Nb3', 17, 2),
(151534, 'Siv', 'Savuth', 'Siv.Savuth@allinone.com.vn', 'Vietnam', 'Engineering', 'Pl4Ux8', 17, 2),
(151535, 'Vannak', 'Soun', 'Vannak.Soun@allinone.com.sg', 'Singapore', 'Engineering', 'Im0Nq6', 17, 2),
(151536, 'Kumara', 'Suon', 'Kumara.Suon@allinone.com.sg', 'Singapore', 'Engineering', 'Gt1Vf0', 17, 2),
(151537, 'Sok', 'Mao', 'Sok.Mao@allinone.com.hk', 'Hong Kong', 'Engineering', 'Ab0De8', 17, 2),
(151539, 'Siti', 'Yusof', 'Siti.Yusof@allinone.com.sg', 'Singapore', 'Engineering', 'Ej7Fi4', 17, 2),
(151540, 'Chanh', 'Sin', 'Chanh.Sin@allinone.com.sg', 'Singapore', 'Engineering', 'Ym8Tc9', 17, 2),
(151541, 'Anh', 'Tran', 'Anh.Tran@allinone.com.sg', 'Singapore', 'Engineering', 'Ht0Lp7', 17, 2),
(151543, 'Priya', 'Krishnan', 'Priya.Krishnan@allinone.com.sg', 'Singapore', 'Engineering', 'Bf1Fv8', 17, 2),
(151544, 'Nanda', 'Lal', 'Nanda.Lal@allinone.com.sg', 'Singapore', 'Engineering', 'Ix5Ja6', 17, 2),
(151545, 'Rithy', 'Khun', 'Rithy.Khun@allinone.com.sg', 'Singapore', 'Engineering', 'Tx8Ys1', 17, 2),
(151546, 'Mani', 'Choudhury', 'Mani.Choudhury@allinone.com.id', 'Indonesia ', 'Engineering', 'Sc8Wr3', 17, 2),
(151547, 'Koh', 'Loo', 'Koh.Loo@allinone.com.sg', 'Singapore', 'Engineering', 'Py1Qy7', 17, 2),
(151548, 'Arifin', 'Bakar', 'Arifin.Bakar@allinone.com.my', 'Malaysia', 'Engineering', 'Dw2Ln9', 17, 2),
(151549, 'Kumari', 'Pillai', 'Kumari.Pillai@allinone.com.sg', 'Singapore', 'Engineering', 'Ct6Oi9', 17, 2),
(151550, 'Narong', 'Chua', 'Narong.Chua@allinone.com.vn', 'Vietnam', 'Engineering', 'Nl0Lz4', 17, 2),
(151556, 'Thi', 'Ling', 'Thi.Ling@allinone.com.sg', 'Singapore', 'Engineering', 'Eu6Pp1', 17, 2),
(151558, 'Vannak', 'Seng', 'Vannak.Seng@allinone.com.sg', 'Singapore', 'Engineering', 'Ua8Rh1', 17, 2),
(151559, 'Nara', 'Loo', 'Nara.Loo@allinone.com.hk', 'Hong Kong', 'Engineering', 'Cc3Em3', 17, 2),
(151560, 'Somchai', 'Kong', 'Somchai.Kong@allinone.com.sg', 'Singapore', 'Engineering', 'Hj5Xy8', 17, 2),
(151561, 'Rath', 'Khun', 'Rath.Khun@allinone.com.sg', 'Singapore', 'Engineering', 'Tj9Pm2', 17, 2),
(151562, 'Chinh', 'Nguyen', 'Chinh.Nguyen@allinone.com.sg', 'Singapore', 'Engineering', 'Ej7Qr6', 17, 2),
(151563, 'Yee', 'Chong', 'Yee.Chong@allinone.com.sg', 'Singapore', 'Engineering', 'Ez9Ir8', 17, 2),
(151564, 'Heng', 'Phal', 'Heng.Phal@allinone.com.sg', 'Singapore', 'Engineering', 'Er7Kx6', 17, 2),
(151567, 'Sokunthea', 'Seng', 'Sokunthea.Seng@allinone.com.sg', 'Singapore', 'Engineering', 'Fe8Ub8', 17, 2),
(151568, 'Champa', 'Pheap', 'Champa.Pheap@allinone.com.id', 'Indonesia ', 'Engineering', 'Hh0Ma1', 17, 2),
(151570, 'Rahim', 'Harun', 'Rahim.Harun@allinone.com.sg', 'Singapore', 'Engineering', 'Pm8Cb7', 17, 2),
(151571, 'Hakim', 'Sulaiman', 'Hakim.Sulaiman@allinone.com.my', 'Malaysia', 'Engineering', 'Dj7Ef0', 17, 2),
(151573, 'Trung', 'Nguyen', 'Trung.Nguyen@allinone.com.sg', 'Singapore', 'Engineering', 'Mm4Jx1', 17, 2),
(151574, 'Seng', 'Sao', 'Seng.Sao@allinone.com.vn', 'Vietnam', 'Engineering', 'Qs4Gc4', 17, 2),
(151575, 'Narong', 'Savoeun', 'Narong.Savoeun@allinone.com.sg', 'Singapore', 'Engineering', 'Ql4Dd8', 17, 2),
(151576, 'Phuc', 'Luong', 'Phuc.Luong@allinone.com.sg', 'Singapore', 'Engineering', 'Sk0Jp4', 17, 2),
(151578, 'Chandara', 'Tith', 'Chandara.Tith@allinone.com.hk', 'Hong Kong', 'Engineering', 'Wa7Tu4', 17, 2),
(151579, 'Soma', 'Voeun', 'Soma.Voeun@allinone.com.sg', 'Singapore', 'Engineering', 'Kh7Th0', 17, 2),
(151580, 'Siv', 'Sothea', 'Siv.Sothea@allinone.com.sg', 'Singapore', 'Engineering', 'Yu9Rp3', 17, 2),
(151581, 'Vannak', 'Samnang', 'Vannak.Samnang@allinone.com.sg', 'Singapore', 'Engineering', 'Se1Gc7', 17, 2),
(151582, 'Kumara', 'Sareth', 'Kumara.Sareth@allinone.com.sg', 'Singapore', 'Engineering', 'Wx2Nm0', 17, 2),
(151583, 'Sok', 'Kheng', 'Sok.Kheng@allinone.com.sg', 'Singapore', 'Engineering', 'Bm7Vg5', 17, 2),
(151584, 'Siti', 'Yusuf', 'Siti.Yusuf@allinone.com.sg', 'Singapore', 'Engineering', 'Bb3Vw8', 17, 2),
(151585, 'Chanh', 'Tith', 'Chanh.Tith@allinone.com.id', 'Indonesia ', 'Engineering', 'Je1Gb7', 17, 2),
(151589, 'Anh', 'Van', 'Anh.Van@allinone.com.sg', 'Singapore', 'Engineering', 'Rr2Wh6', 17, 2),
(151590, 'Priya', 'Kumar', 'Priya.Kumar@allinone.com.my', 'Malaysia', 'Engineering', 'Of1Fk3', 17, 2),
(151591, 'Nanda', 'Kesavan', 'Nanda.Kesavan@allinone.com.sg', 'Singapore', 'Engineering', 'Gw1Au1', 17, 2),
(151593, 'Rithy', 'Sok', 'Rithy.Sok@allinone.com.vn', 'Vietnam', 'Engineering', 'Dl2Vj4', 17, 2),
(151595, 'Mani', 'Devi', 'Mani.Devi@allinone.com.sg', 'Singapore', 'Engineering', 'Jz4Rg8', 17, 2),
(151596, 'Koh', 'Seng', 'Koh.Seng@allinone.com.sg', 'Singapore', 'Engineering', 'Aa5Uj2', 17, 2),
(151597, 'Arifin', 'Saputra', 'Arifin.Saputra@allinone.com.hk', 'Hong Kong', 'Engineering', 'Tt7Zv8', 17, 2),
(151598, 'Kumari', 'Pillai', 'Kumari.Pillai@allinone.com.sg', 'Singapore', 'Engineering', 'Jo3Bc3', 17, 2),
(151600, 'Narong', 'Chua', 'Narong.Chua@allinone.com.sg', 'Singapore', 'Engineering', 'Ws3Xd2', 17, 3),
(151601, 'Thi', 'Ling', 'Thi.Ling@allinone.com.sg', 'Singapore', 'Engineering', 'Ak4Fa2', 17, 2),
(151602, 'Vannak', 'Seng', 'Vannak.Seng@allinone.com.sg', 'Singapore', 'Engineering', 'Wp9Wg3', 17, 2),
(151603, 'Phuong', 'Truong', 'Phuong.Truong@allinone.com.sg', 'Singapore', 'Engineering', 'Bp2Tq5', 17, 2),
(151605, 'Srey', 'Suon', 'Srey.Suon@allinone.com.sg', 'Singapore', 'Engineering', 'Qc8Po0', 17, 2),
(151606, 'Hlaing', 'Myat', 'Hlaing.Myat@allinone.com.id', 'Indonesia ', 'Engineering', 'Ag2Pp5', 17, 2),
(151607, 'Anh', 'Vo', 'Anh.Vo@allinone.com.sg', 'Singapore', 'Engineering', 'Rx8Kw8', 17, 2),
(151608, 'Chin', 'Chen', 'Chin.Chen@allinone.com.my', 'Malaysia', 'Engineering', 'Ik6Hn1', 17, 2),
(151609, 'Nara', 'Loo', 'Nara.Loo@allinone.com.sg', 'Singapore', 'Engineering', 'Ov2Eo0', 17, 2),
(151610, 'Somchai', 'Kong', 'Somchai.Kong@allinone.com.vn', 'Vietnam', 'Engineering', 'Wk1Xu0', 17, 2),
(151611, 'Rath', 'Khun', 'Rath.Khun@allinone.com.sg', 'Singapore', 'Engineering', 'Dh3Gi6', 17, 2),
(151612, 'Chinh', 'Nguyen', 'Chinh.Nguyen@allinone.com.sg', 'Singapore', 'Engineering', 'Sj7Zs6', 17, 2),
(151613, 'Yee', 'Chong', 'Yee.Chong@allinone.com.hk', 'Hong Kong', 'Engineering', 'Jg3Df9', 17, 2),
(160008, 'Sally', 'Loh', 'Sally.Loh@allinone.com.sg', 'Singapore', 'HR', 'Tj4Jw4', 13, 4),
(160065, 'John', 'Tan', 'John.Tan@allinone.com.sg', 'Singapore', 'HR', 'Df0Wz4', 18, 2),
(160075, 'James', 'Tan', 'James.Tan@allinone.com.sg', 'Singapore', 'HR', 'Xz5Vm9', 18, 3),
(160076, 'Jack', 'Goh', 'Jack.Goh@allinone.com.sg', 'Singapore', 'HR', 'Hw9Nh0', 14, 4),
(160118, 'Derek', 'Chan', 'Derek.Chan@allinone.com.sg', 'Singapore', 'HR', 'Ar9Zb6', 14, 4),
(160135, 'Jaclyn', 'Ong', 'Jaclyn.Ong@allinone.com.sg', 'Singapore', 'HR', 'To8Vh2', 14, 4),
(160142, 'Benjamin', 'Teo', 'Benjamin.Teo@allinone.com.sg', 'Singapore', 'HR', 'Ev2Fg1', 14, 4),
(160143, 'Lucas', 'Lee', 'Lucas.Lee@allinone.com.sg', 'Singapore', 'HR', 'Hs8Fw0', 14, 4),
(160145, 'Mary', 'Wong', 'Mary.Wong@allinone.com.sg', 'Singapore', 'HR', 'Vp1Uh1', 18, 2),
(160146, 'Oliva', 'Yong', 'Oliva.Yong@allinone.com.sg', 'Singapore', 'HR', 'Tz6Zm7', 18, 2),
(160148, 'Henry', 'Lim', 'Henry.Lim@allinone.com.sg', 'Singapore', 'HR', 'Hm5Sw8', 18, 2),
(160155, 'Alexander', 'Heng', 'Alexander.Heng@allinone.com.sg', 'Singapore', 'HR', 'An2Sy7', 18, 2),
(160188, 'Emma', 'Toh', 'Emma.Toh@allinone.com.sg', 'Singapore', 'HR', 'Xl5Ko0', 18, 2),
(160212, 'Charlotte', 'The', 'Charlotte.The@allinone.com.sg', 'Singapore', 'HR', 'Fs3Lg6', 18, 2),
(160213, 'Amelia', 'Ng', 'Amelia.Ng@allinone.com.sg', 'Singapore', 'HR', 'Oy1Wu8', 18, 2),
(160218, 'Eva', 'Tan', 'Eva.Tan@allinone.com.sg', 'Singapore', 'HR', 'Fg1Ja6', 18, 2),
(160225, 'Sophia', 'Fu', 'Sophia.Fu@allinone.com.sg', 'Singapore', 'HR', 'Qm4Bm6', 14, 4),
(160258, 'Michael', 'Tong', 'Michael.Tong@allinone.com.sg', 'Singapore', 'HR', 'Kj7Ev6', 14, 4),
(160282, 'Ethan', 'Loh', 'Ethan.Loh@allinone.com.sg', 'Singapore', 'HR', 'Dn3Nj1', 14, 4),
(160283, 'Somchai', 'Kong', 'Somchai.Kong@allinone.com.sg', 'Singapore', 'HR', 'Oq6Nx9', 14, 4),
(160284, 'Rath', 'Khun', 'Rath.Khun@allinone.com.sg', 'Singapore', 'HR', 'On0Vi7', 14, 4),
(160286, 'Chinh', 'Nguyen', 'Chinh.Nguyen@allinone.com.sg', 'Singapore', 'HR', 'Sz5Bg7', 14, 4),
(160287, 'Yee', 'Chong', 'Yee.Chong@allinone.com.sg', 'Singapore', 'HR', 'Ld8Ru8', 18, 2),
(160288, 'Heng', 'Phal', 'Heng.Phal@allinone.com.sg', 'Singapore', 'HR', 'Iu8Jc1', 18, 2),
(160289, 'Sokunthea', 'Seng', 'Sokunthea.Seng@allinone.com.sg', 'Singapore', 'HR', 'Np1Sr5', 18, 2),
(160290, 'Champa', 'Pheap', 'Champa.Pheap@allinone.com.sg', 'Singapore', 'HR', 'Ww3Iz2', 18, 2),
(160291, 'Rahim', 'Harun', 'Rahim.Harun@allinone.com.sg', 'Singapore', 'HR', 'Xu2Ti8', 18, 2),
(160293, 'Hakim', 'Sulaiman', 'Hakim.Sulaiman@allinone.com.sg', 'Singapore', 'HR', 'Iy6Qo6', 18, 2),
(160294, 'Trung', 'Nguyen', 'Trung.Nguyen@allinone.com.sg', 'Singapore', 'HR', 'Nh9Cs1', 18, 2),
(160295, 'Seng', 'Sao', 'Seng.Sao@allinone.com.sg', 'Singapore', 'HR', 'Mc3Gq5', 18, 2),
(160296, 'Narong', 'Savoeun', 'Narong.Savoeun@allinone.com.sg', 'Singapore', 'HR', 'Rz3Me4', 14, 4),
(160297, 'Phuc', 'Luong', 'Phuc.Luong@allinone.com.sg', 'Singapore', 'HR', 'Gt5Yi8', 18, 2),
(160298, 'Chandara', 'Tith', 'Chandara.Tith@allinone.com.sg', 'Singapore', 'HR', 'Un2Ps1', 18, 2),
(160299, 'Soma', 'Voeun', 'Soma.Voeun@allinone.com.sg', 'Singapore', 'HR', 'Sb3Lq0', 2, 2),
(160300, 'Siv', 'Sothea', 'Siv.Sothea@allinone.com.sg', 'Singapore', 'HR', 'Ix0Eb4', 2, 2),
(160301, 'Vannak', 'Samnang', 'Vannak.Samnang@allinone.com.sg', 'Singapore', 'HR', 'Gk1Cz9', 2, 2),
(160302, 'Kumara', 'Sareth', 'Kumara.Sareth@allinone.com.sg', 'Singapore', 'HR', 'Iw9Lh7', 2, 3),
(160303, 'Sok', 'Kheng', 'Sok.Kheng@allinone.com.sg', 'Singapore', 'HR', 'Kv5Mz1', 2, 2),
(160304, 'Siti', 'Yusuf', 'Siti.Yusuf@allinone.com.sg', 'Singapore', 'HR', 'Fu0Zc7', 2, 2),
(160305, 'Chanh', 'Tith', 'Chanh.Tith@allinone.com.sg', 'Singapore', 'HR', 'Ff1Ps0', 2, 2),
(160306, 'Anh', 'Van', 'Anh.Van@allinone.com.sg', 'Singapore', 'HR', 'Bs1Hq0', 2, 3),
(160307, 'Priya', 'Kumar', 'Priya.Kumar@allinone.com.sg', 'Singapore', 'HR', 'Bk5Qg8', 2, 2),
(160308, 'Nanda', 'Kesavan', 'Nanda.Kesavan@allinone.com.sg', 'Singapore', 'HR', 'Oj5Tn8', 2, 2),
(160313, 'Rithy', 'Sok', 'Rithy.Sok@allinone.com.sg', 'Singapore', 'HR', 'Qo5Dk1', 14, 4),
(160314, 'Mani', 'Devi', 'Mani.Devi@allinone.com.sg', 'Singapore', 'HR', 'Bo4Lo6', 14, 4),
(160315, 'Koh', 'Seng', 'Koh.Seng@allinone.com.sg', 'Singapore', 'HR', 'Db0Ps6', 14, 4),
(160316, 'Arifin', 'Saputra', 'Arifin.Saputra@allinone.com.sg', 'Singapore', 'HR', 'Jw7Es5', 14, 4),
(160317, 'Kumari', 'Pillai', 'Kumari.Pillai@allinone.com.sg', 'Singapore', 'HR', 'Ac4Xz5', 14, 2),
(160318, 'Narong', 'Chua', 'Narong.Chua@allinone.com.sg', 'Singapore', 'HR', 'Ij3Ua0', 14, 3),
(160323, 'Thi', 'Ling', 'Thi.Ling@allinone.com.sg', 'Singapore', 'HR', 'Ko5Eg9', 14, 2),
(160324, 'Vannak', 'Seng', 'Vannak.Seng@allinone.com.sg', 'Singapore', 'HR', 'Nu5Ns4', 14, 2),
(160325, 'Phuong', 'Truong', 'Phuong.Truong@allinone.com.sg', 'Singapore', 'HR', 'Va8Op3', 14, 2),
(160326, 'Srey', 'Suon', 'Srey.Suon@allinone.com.sg', 'Singapore', 'HR', 'Rm4Dj2', 14, 2),
(160328, 'Hlaing', 'Myat', 'Hlaing.Myat@allinone.com.sg', 'Singapore', 'HR', 'Ad8Lt4', 14, 3),
(160329, 'Anh', 'Vo', 'Anh.Vo@allinone.com.sg', 'Singapore', 'HR', 'Kv5Xp4', 14, 4),
(160330, 'Chin', 'Chen', 'Chin.Chen@allinone.com.sg', 'Singapore', 'HR', 'Yw3Lw0', 14, 4),
(160331, 'Nara', 'Loo', 'Nara.Loo@allinone.com.sg', 'Singapore', 'HR', 'Mt5Md4', 14, 4),
(160332, 'Somchai', 'Kong', 'Somchai.Kong@allinone.com.sg', 'Singapore', 'HR', 'La0Xt8', 14, 4),
(160333, 'Rath', 'Khun', 'Rath.Khun@allinone.com.sg', 'Singapore', 'HR', 'Zz3Uz9', 14, 4),
(160334, 'Chinh', 'Nguyen', 'Chinh.Nguyen@allinone.com.sg', 'Singapore', 'HR', 'Li4Qq4', 14, 2),
(160335, 'Yee', 'Chong', 'Yee.Chong@allinone.com.sg', 'Singapore', 'HR', 'Bi9Yj4', 14, 3),
(160336, 'Heng', 'Phal', 'Heng.Phal@allinone.com.sg', 'Singapore', 'HR', 'Uf9Ul5', 14, 2),
(160337, 'Sokunthea', 'Seng', 'Sokunthea.Seng@allinone.com.sg', 'Singapore', 'HR', 'Rc2Pv9', 14, 2),
(160338, 'Champa', 'Pheap', 'Champa.Pheap@allinone.com.sg', 'Singapore', 'HR', 'Ci1Eo1', 14, 2),
(160339, 'Rahim', 'Harun', 'Rahim.Harun@allinone.com.sg', 'Singapore', 'HR', 'Az2Qo6', 14, 2),
(170166, 'David', 'Yap', 'David.Yap@allinone.com.sg', 'Singapore', 'Finance', 'Wh8Ma9', 11, 3),
(170208, 'Daniel', 'Tan', 'Daniel.Tan@allinone.com.sg', 'Singapore', 'Finance', 'Ic7Pj2', 10, 2),
(170215, 'Mary', 'Wong', 'Mary.Wong@allinone.com.sg', 'Singapore', 'Finance', 'Sp9Ni6', 10, 2),
(170216, 'Jaclyn', 'Ong', 'Jaclyn.Ong@allinone.com.sg', 'Singapore', 'Finance', 'Vc1Us5', 10, 2),
(170232, 'Jacob', 'Tan', 'Jacob.Tan@allinone.com.sg', 'Singapore', 'Finance', 'Sn0Ce9', 10, 2),
(170233, 'Logan', 'Goh', 'Logan.Goh@allinone.com.sg', 'Singapore', 'Finance', 'Gr0Dc5', 10, 2),
(170238, 'Jackson', 'Chan', 'Jackson.Chan@allinone.com.sg', 'Singapore', 'Finance', 'Px2Fj6', 10, 2),
(170245, 'Aiden', 'Teo', 'Aiden.Teo@allinone.com.sg', 'Singapore', 'Finance', 'Ve1Lu2', 10, 2),
(170655, 'Samuel', 'Lee', 'Samuel.Lee@allinone.com.sg', 'Singapore', 'Finance', 'Dr9Xp3', 10, 2),
(170866, 'Susan', 'Lim', 'Susan.Lim@allinone.com.sg', 'Singapore', 'Finance', 'Tq0Av5', 10, 2),
(171008, 'Janice', 'Heng', 'Janice.Heng@allinone.com.sg', 'Singapore', 'Finance', 'Vr4Yg6', 10, 2),
(171009, 'Nanda', 'Kesavan', 'Nanda.Kesavan@allinone.com.sg', 'Singapore', 'Finance', 'Kb6Qp6', 12, 3),
(171010, 'Rithy', 'Sok', 'Rithy.Sok@allinone.com.sg', 'Singapore', 'Finance', 'Le0Qf0', 10, 2),
(171011, 'Mani', 'Devi', 'Mani.Devi@allinone.com.sg', 'Singapore', 'Finance', 'Ns3Ev5', 10, 2),
(171012, 'Koh', 'Seng', 'Koh.Seng@allinone.com.sg', 'Singapore', 'Finance', 'Lv0Pi6', 10, 2),
(171013, 'Arifin', 'Saputra', 'Arifin.Saputra@allinone.com.sg', 'Singapore', 'Finance', 'Sr6Hx2', 10, 2),
(171014, 'Kumari', 'Pillai', 'Kumari.Pillai@allinone.com.sg', 'Singapore', 'Finance', 'Wt4Pc4', 12, 3),
(171015, 'Narong', 'Chua', 'Narong.Chua@allinone.com.sg', 'Singapore', 'Finance', 'Yi6Mf8', 10, 2),
(171016, 'Thi', 'Ling', 'Thi.Ling@allinone.com.sg', 'Singapore', 'Finance', 'Fr1Hb1', 10, 2),
(171017, 'Vannak', 'Seng', 'Vannak.Seng@allinone.com.sg', 'Singapore', 'Finance', 'Ei3Jh9', 10, 2),
(171018, 'Phuong', 'Truong', 'Phuong.Truong@allinone.com.sg', 'Singapore', 'Finance', 'Fx1Bx1', 12, 3),
(171022, 'Srey', 'Suon', 'Srey.Suon@allinone.com.sg', 'Singapore', 'Finance', 'On3Ry8', 10, 2),
(171023, 'Hlaing', 'Myat', 'Hlaing.Myat@allinone.com.sg', 'Singapore', 'Finance', 'Fw3Zv7', 10, 2),
(171024, 'Anh', 'Vo', 'Anh.Vo@allinone.com.sg', 'Singapore', 'Finance', 'Nv0Mg9', 10, 2),
(171026, 'Chin', 'Chen', 'Chin.Chen@allinone.com.sg', 'Singapore', 'Finance', 'Lw2Of0', 10, 2),
(171027, 'Nara', 'Loo', 'Nara.Loo@allinone.com.sg', 'Singapore', 'Finance', 'Vj2Vc4', 10, 2),
(171029, 'Somchai', 'Kong', 'Somchai.Kong@allinone.com.sg', 'Singapore', 'Finance', 'St3Iq1', 12, 3),
(171030, 'Rath', 'Khun', 'Rath.Khun@allinone.com.sg', 'Singapore', 'Finance', 'Az1Yq3', 10, 2),
(171031, 'Chinh', 'Nguyen', 'Chinh.Nguyen@allinone.com.sg', 'Singapore', 'Finance', 'Kl9Yq3', 10, 2),
(171032, 'Yee', 'Chong', 'Yee.Chong@allinone.com.sg', 'Singapore', 'Finance', 'Nu4Dg0', 10, 2),
(171033, 'Heng', 'Phal', 'Heng.Phal@allinone.com.sg', 'Singapore', 'Finance', 'Yc0Nh8', 10, 2),
(171034, 'Sokunthea', 'Seng', 'Sokunthea.Seng@allinone.com.sg', 'Singapore', 'Finance', 'Cq9Uz4', 10, 2),
(171035, 'Champa', 'Pheap', 'Champa.Pheap@allinone.com.sg', 'Singapore', 'Finance', 'Ts8Gx2', 10, 2),
(171036, 'Rahim', 'Harun', 'Rahim.Harun@allinone.com.sg', 'Singapore', 'Finance', 'Rt4Oc6', 10, 2),
(171038, 'Hakim', 'Sulaiman', 'Hakim.Sulaiman@allinone.com.sg', 'Singapore', 'Finance', 'Ru0Wk6', 10, 2),
(171039, 'Trung', 'Nguyen', 'Trung.Nguyen@allinone.com.sg', 'Singapore', 'Finance', 'Mb7Yf2', 10, 2),
(171041, 'Seng', 'Sao', 'Seng.Sao@allinone.com.sg', 'Singapore', 'Finance', 'Lv1Go7', 10, 2),
(171042, 'Narong', 'Savoeun', 'Narong.Savoeun@allinone.com.sg', 'Singapore', 'Finance', 'Sg5Ph6', 10, 2),
(171043, 'Phuc', 'Luong', 'Phuc.Luong@allinone.com.sg', 'Singapore', 'Finance', 'Sc9Ew3', 12, 3),
(171044, 'Chandara', 'Tith', 'Chandara.Tith@allinone.com.sg', 'Singapore', 'Finance', 'Gr2Zt7', 10, 2),
(171045, 'Soma', 'Voeun', 'Soma.Voeun@allinone.com.sg', 'Singapore', 'Finance', 'Of3Ue0', 10, 2),
(171046, 'Siv', 'Sothea', 'Siv.Sothea@allinone.com.sg', 'Singapore', 'Finance', 'Jk7Rq2', 10, 2),
(171047, 'Vannak', 'Samnang', 'Vannak.Samnang@allinone.com.sg', 'Singapore', 'Finance', 'Ft1Vd7', 10, 2),
(171048, 'Kumara', 'Sareth', 'Kumara.Sareth@allinone.com.sg', 'Singapore', 'Finance', 'Np7Bl3', 10, 2),
(180001, 'Ernst', 'Sim', 'Ernst.Sim@allinone.com.sg', 'Singapore', 'Consultancy', 'Zs6Lo3', 7, 3),
(180002, 'Rithy', 'Chheng', 'Rithy.Chheng@allinone.com.sg', 'Singapore', 'Consultancy', 'On7Jc9', 8, 2),
(180003, 'Mani', 'Raj', 'Mani.Raj@allinone.com.sg', 'Singapore', 'Consultancy', 'Tm5Lu2', 8, 2),
(180004, 'Sokunthea', 'Phan', 'Sokunthea.Phan@allinone.com.sg', 'Singapore', 'Consultancy', 'Tk6Gs2', 8, 2),
(180005, 'Mani', 'Devi', 'Mani.Devi@allinone.com.sg', 'Singapore', 'Consultancy', 'Sg8Tw5', 8, 2),
(180006, 'Somnang', 'Suon', 'Somnang.Suon@allinone.com.sg', 'Singapore', 'Consultancy', 'Lc4Yn5', 8, 2),
(180010, 'Samsul', 'Rahman', 'Samsul.Rahman@allinone.com.sg', 'Singapore', 'Consultancy', 'Ak1Cj1', 8, 2),
(180011, 'Rath', 'Phan', 'Rath.Phan@allinone.com.sg', 'Singapore', 'Consultancy', 'Sw0Dt9', 8, 2),
(180012, 'Ji', 'Han', 'Ji.Han@allinone.com.sg', 'Singapore', 'Consultancy', 'Qi7Ii0', 8, 3),
(180013, 'Sok', 'Pich', 'Sok.Pich@allinone.com.sg', 'Singapore', 'Consultancy', 'Qa7Of6', 8, 2),
(180014, 'Minh', 'Hoang', 'Minh.Hoang@allinone.com.sg', 'Singapore', 'Consultancy', 'Ft6Px2', 8, 2),
(180015, 'Anil', 'Kumar', 'Anil.Kumar@allinone.com.sg', 'Singapore', 'Consultancy', 'Gb0Hn5', 8, 2),
(180019, 'Chinh', 'Le', 'Chinh.Le@allinone.com.sg', 'Singapore', 'Consultancy', 'Jo0Wn4', 8, 2),
(180020, 'Seng', 'Seng', 'Seng.Seng@allinone.com.sg', 'Singapore', 'Consultancy', 'Dw3Uk5', 8, 2),
(180021, 'Nanda', 'Kesavan', 'Nanda.Kesavan@allinone.com.sg', 'Singapore', 'Consultancy', 'Fu8Aa2', 8, 2),
(180022, 'Amirah', 'Ahmad', 'Amirah.Ahmad@allinone.com.sg', 'Singapore', 'Consultancy', 'Sk3Pn4', 8, 2),
(180023, 'Sokly', 'Sok', 'Sokly.Sok@allinone.com.sg', 'Singapore', 'Consultancy', 'Eh3Oc9', 8, 2),
(180025, 'Trung', 'Pham', 'Trung.Pham@allinone.com.sg', 'Singapore', 'Consultancy', 'Md7Np7', 8, 2),
(180026, 'Rithya', 'Suon', 'Rithya.Suon@allinone.com.sg', 'Singapore', 'Consultancy', 'Pi0Lj7', 8, 2),
(180027, 'Phuc', 'Vo', 'Phuc.Vo@allinone.com.sg', 'Singapore', 'Consultancy', 'Ld0Dv5', 8, 2),
(180029, 'Chandra', 'Pandey', 'Chandra.Pandey@allinone.com.sg', 'Singapore', 'Consultancy', 'Fu9Uq1', 8, 3),
(180030, 'Manoj', 'Singh', 'Manoj.Singh@allinone.com.sg', 'Singapore', 'Consultancy', 'Pt5Cb5', 8, 2),
(180032, 'Phalla', 'Yong', 'Phalla.Yong@allinone.com.sg', 'Singapore', 'Consultancy', 'Hl5Zq5', 8, 2),
(180033, 'Chhaya', 'Sou', 'Chhaya.Sou@allinone.com.sg', 'Singapore', 'Consultancy', 'Rb6Ns5', 8, 2),
(180034, 'Soma', 'Lim', 'Soma.Lim@allinone.com.sg', 'Singapore', 'Consultancy', 'Ma3Bn0', 8, 2),
(180036, 'Siv', 'Sun', 'Siv.Sun@allinone.com.sg', 'Singapore', 'Consultancy', 'Qb7Wc3', 8, 2),
(180037, 'Vannak', 'Mao', 'Vannak.Mao@allinone.com.sg', 'Singapore', 'Consultancy', 'Ei7Cu6', 8, 2),
(180038, 'Kumara', 'Seng', 'Kumara.Seng@allinone.com.sg', 'Singapore', 'Consultancy', 'Vd7Sx5', 8, 2),
(190003, 'Sok', 'Heng', 'Sok.Heng@allinone.com.sg', 'Singapore', 'Solutioning', 'Kt3Yl9', 8, 2),
(190004, 'Siti', 'Saad', 'Siti.Saad@allinone.com.sg', 'Singapore', 'Solutioning', 'Uc4Ck0', 8, 2),
(190005, 'Chanh', 'Ly', 'Chanh.Ly@allinone.com.sg', 'Singapore', 'Solutioning', 'De4Qr9', 8, 2),
(190006, 'Anh', 'Truong', 'Anh.Truong@allinone.com.sg', 'Singapore', 'Solutioning', 'Mh4Bc9', 8, 2),
(190008, 'Hakim', 'Rahman', 'Hakim.Rahman@allinone.com.sg', 'Singapore', 'Solutioning', 'Ke3Wu4', 8, 2),
(190009, 'Priya', 'Kaur', 'Priya.Kaur@allinone.com.sg', 'Singapore', 'Solutioning', 'Na1Bv6', 8, 2),
(190010, 'Narong', 'Chen', 'Narong.Chen@allinone.com.sg', 'Singapore', 'Solutioning', 'Oz3El2', 8, 2),
(190014, 'Rin', 'Sok', 'Rin.Sok@allinone.com.sg', 'Singapore', 'Solutioning', 'Qj2Hl3', 8, 2),
(190015, 'Phuc', 'Lam', 'Phuc.Lam@allinone.com.sg', 'Singapore', 'Solutioning', 'Zd2Mu5', 8, 2),
(190016, 'Sok', 'Chin', 'Sok.Chin@allinone.com.sg', 'Singapore', 'Solutioning', 'Hu5Bc8', 8, 2),
(190017, 'Chandara', 'Kong', 'Chandara.Kong@allinone.com.sg', 'Singapore', 'Solutioning', 'Pd4Ff3', 8, 2),
(190018, 'Phanith', 'Sok', 'Phanith.Sok@allinone.com.sg', 'Singapore', 'Solutioning', 'Pm5Re7', 8, 2),
(190019, 'Heng', 'Sim', 'Heng.Sim@allinone.com.sg', 'Singapore', 'Solutioning', 'Sp9Xp2', 8, 3),
(190021, 'Nanda', 'Devan', 'Nanda.Devan@allinone.com.sg', 'Singapore', 'Solutioning', 'Gv0Lm3', 8, 2),
(190022, 'Pich', 'Phan', 'Pich.Phan@allinone.com.sg', 'Singapore', 'Solutioning', 'Tn3Fh0', 8, 2),
(190024, 'Anil', 'Sarawat', 'Anil.Sarawat@allinone.com.sg', 'Singapore', 'Solutioning', 'Cp0Fg1', 8, 2),
(190025, 'Nguyen', 'Tuan', 'Nguyen.Tuan@allinone.com.sg', 'Singapore', 'Solutioning', 'Yb4Kq3', 8, 2),
(190026, 'Bao', 'Kim', 'Bao.Kim@allinone.com.sg', 'Singapore', 'Solutioning', 'Ke2Wz2', 8, 2),
(190027, 'Boun', 'Sok', 'Boun.Sok@allinone.com.sg', 'Singapore', 'Solutioning', 'Mu6Vp3', 8, 2),
(190028, 'Soma', 'Khun', 'Soma.Khun@allinone.com.sg', 'Singapore', 'Solutioning', 'Wk4Sb7', 8, 2),
(190029, 'Samsul', 'Saifullah', 'Samsul.Saifullah@allinone.com.sg', 'Singapore', 'Solutioning', 'Tu2Zh9', 8, 2),
(190030, 'Rina', 'Li', 'Rina.Li@allinone.com.sg', 'Singapore', 'Solutioning', 'Jf6Yr0', 8, 2),
(190031, 'Mani', 'Prasad', 'Mani.Prasad@allinone.com.sg', 'Singapore', 'Solutioning', 'Zw7Fc7', 8, 2),
(190032, 'Koh', 'Seng', 'Koh.Seng@allinone.com.sg', 'Singapore', 'Solutioning', 'Ys6Pf5', 8, 2),
(190033, 'Arifin', 'Siregar', 'Arifin.Siregar@allinone.com.sg', 'Singapore', 'Solutioning', 'Aj5Go6', 8, 2),
(190035, 'Kumari', 'Devi', 'Kumari.Devi@allinone.com.sg', 'Singapore', 'Solutioning', 'Bo1El1', 8, 2),
(190036, 'Narong', 'Khun', 'Narong.Khun@allinone.com.sg', 'Singapore', 'Solutioning', 'Xj6Bl6', 8, 2),
(190037, 'Siti', 'Abdullah', 'Siti.Abdullah@allinone.com.sg', 'Singapore', 'Solutioning', 'Nc4Og3', 8, 3),
(190038, 'Heng', 'Chan', 'Heng.Chan@allinone.com.sg', 'Singapore', 'Solutioning', 'Fd5Ye1', 8, 2),
(190040, 'Rina', 'Tan', 'Rina.Tan@allinone.com.sg', 'Singapore', 'Solutioning', 'Je0Hi6', 8, 2),
(190041, 'Boun', 'Souk', 'Boun.Souk@allinone.com.sg', 'Singapore', 'Solutioning', 'Ye6Ck3', 8, 2),
(190042, 'Aung', 'Kyaw', 'Aung.Kyaw@allinone.com.sg', 'Singapore', 'Solutioning', 'Zn1Ie0', 8, 2),
(190043, 'Thuy', 'Nguyen', 'Thuy.Nguyen@allinone.com.sg', 'Singapore', 'Solutioning', 'Yo2Qc0', 8, 2),
(190044, 'Rajesh', 'Kumar', 'Rajesh.Kumar@allinone.com.sg', 'Singapore', 'Solutioning', 'Nk1Va1', 8, 2),
(190045, 'Koh', 'Lim', 'Koh.Lim@allinone.com.sg', 'Singapore', 'Solutioning', 'Fe9Xf4', 8, 2),
(190046, 'Somchai', 'Somboon', 'Somchai.Somboon@allinone.com.sg', 'Singapore', 'Solutioning', 'Ep4Gn7', 8, 2),
(190047, 'Seng', 'Lee', 'Seng.Lee@allinone.com.sg', 'Singapore', 'Solutioning', 'Cd8Qz4', 8, 2),
(190048, 'Anh', 'Tran', 'Anh.Tran@allinone.com.sg', 'Singapore', 'Solutioning', 'Hw5Uo5', 8, 2),
(190049, 'Ratana', 'Chen', 'Ratana.Chen@allinone.com.sg', 'Singapore', 'Solutioning', 'Ql2Tb3', 8, 2),
(190050, 'Bui', 'Nguyen', 'Bui.Nguyen@allinone.com.sg', 'Singapore', 'Solutioning', 'Nh6Ey9', 24, 2),
(190051, 'Rahim', 'Khalid', 'Rahim.Khalid@allinone.com.sg', 'Singapore', 'Solutioning', 'Al9Ks7', 8, 2),
(190052, 'Dewi', 'Putri', 'Dewi.Putri@allinone.com.sg', 'Singapore', 'Solutioning', 'Ys6Iu4', 24, 2),
(190054, 'Sokha', 'Seng', 'Sokha.Seng@allinone.com.sg', 'Singapore', 'Solutioning', 'Nh1Vk5', 8, 2),
(190055, 'Tuan', 'Nguyen', 'Tuan.Nguyen@allinone.com.sg', 'Singapore', 'Solutioning', 'Ef9Ok0', 24, 2),
(190056, 'Bao', 'Luu', 'Bao.Luu@allinone.com.sg', 'Singapore', 'Solutioning', 'Qh5Pc9', 8, 2),
(190057, 'Amara', 'Singh', 'Amara.Singh@allinone.com.sg', 'Singapore', 'Solutioning', 'Rp6Za5', 8, 2),
(190058, 'Srey', 'Mao', 'Srey.Mao@allinone.com.sg', 'Singapore', 'Solutioning', 'Zk4Od7', 24, 2),
(190059, 'Phuc', 'Le', 'Phuc.Le@allinone.com.sg', 'Singapore', 'Solutioning', 'Ov3Pv3', 24, 3),
(190064, 'Arifin', 'Saputra', 'Arifin.Saputra@allinone.com.sg', 'Singapore', 'Solutioning', 'Gq6Ei2', 8, 2),
(190065, 'Siti', 'Salleh', 'Siti.Salleh@allinone.com.my', 'Malaysia', 'Solutioning', 'Ea5Gc5', 8, 2),
(190066, 'Rina', 'Siriporn', 'Rina.Siriporn@allinone.com.my', 'Malaysia', 'Solutioning', 'Av0Df2', 24, 2),
(190067, 'Minh', 'Ly', 'Minh.Ly@allinone.com.my', 'Malaysia', 'Solutioning', 'Tj1Qh0', 24, 3),
(190068, 'Chandara', 'Kim', 'Chandara.Kim@allinone.com.my', 'Malaysia', 'Solutioning', 'Zv5Zo6', 24, 2),
(190069, 'Heng', 'Phan', 'Heng.Phan@allinone.com.id', 'Indonesia ', 'Solutioning', 'Rb7Mz2', 8, 2),
(190070, 'Nara', 'Khun', 'Nara.Khun@allinone.com.id', 'Indonesia ', 'Solutioning', 'Fr8Oo8', 8, 3),
(190074, 'Priya', 'Malik', 'Priya.Malik@allinone.com.id', 'Indonesia ', 'Solutioning', 'Ov0Sx1', 24, 2),
(190075, 'Ngoc', 'Trinh', 'Ngoc.Trinh@allinone.com.id', 'Indonesia ', 'Solutioning', 'Yc0Yr5', 24, 2),
(190076, 'Manoj', 'Kumar', 'Manoj.Kumar@allinone.com.id', 'Indonesia ', 'Solutioning', 'Fe5Gp3', 24, 2),
(190077, 'Anh', 'Pham', 'Anh.Pham@allinone.com.vn', 'Vietnam', 'Solutioning', 'Zs6Sx9', 24, 3);
INSERT INTO `staff` (`Staff_ID`, `Staff_FName`, `Staff_LName`, `Email`, `Country`, `Dept`, `Password`, `Role_ID`, `Access_Rights`) VALUES
(190078, 'Somsak', 'Somsri', 'Somsak.Somsri@allinone.com.vn', 'Vietnam', 'Solutioning', 'Xo0Nn7', 8, 2),
(190079, 'Chin', 'Lim', 'Chin.Lim@allinone.com.vn', 'Vietnam', 'Solutioning', 'Jg2Aa2', 24, 2),
(190080, 'Sok', 'Chhay', 'Sok.Chhay@allinone.com.hk', 'Hong Kong', 'Solutioning', 'Yd7Aa0', 24, 2),
(190082, 'Tat', 'Nguyen', 'Tat.Nguyen@allinone.com.hk', 'Hong Kong', 'Solutioning', 'Vz2Hs9', 24, 2),
(190086, 'Hlaing', 'Sithu', 'Hlaing.Sithu@allinone.com.hk', 'Hong Kong', 'Solutioning', 'Rp1Zj4', 8, 3),
(190087, 'Santhi', 'Perumal', 'Santhi.Perumal@allinone.com.hk', 'Hong Kong', 'Solutioning', 'Ak2Wp8', 8, 2),
(190088, 'Hakim', 'Siregar', 'Hakim.Siregar@allinone.com.hk', 'Hong Kong', 'Solutioning', 'Ms9Yh0', 24, 2),
(190089, 'Sirirat', 'Chaiyaporn', 'Sirirat.Chaiyaporn@allinone.com.hk', 'Hong Kong', 'Solutioning', 'Jh5Rf8', 24, 2),
(190091, 'Chinh', 'Tran', 'Chinh.Tran@allinone.com.sg', 'Singapore', 'Solutioning', 'Sm2Jp7', 24, 2),
(190092, 'Siti', 'Ahmad', 'Siti.Ahmad@allinone.com.sg', 'Singapore', 'Solutioning', 'Pu9Ls4', 24, 2),
(190093, 'Chandra', 'Rai', 'Chandra.Rai@allinone.com.sg', 'Singapore', 'Solutioning', 'Cn8Gw9', 24, 3),
(190094, 'Ratana', 'Keo', 'Ratana.Keo@allinone.com.sg', 'Singapore', 'Solutioning', 'Es1Zw1', 24, 2),
(190095, 'Yee', 'Lim', 'Yee.Lim@allinone.com.sg', 'Singapore', 'Solutioning', 'Qn8Xh1', 24, 2),
(190096, 'Wai', 'Yong', 'Wai.Yong@allinone.com.sg', 'Singapore', 'Solutioning', 'Kw5Tw3', 24, 2),
(190097, 'Thi', 'Pham', 'Thi.Pham@allinone.com.sg', 'Singapore', 'Solutioning', 'Zg1Nb4', 24, 2),
(190098, 'Nara', 'Sok', 'Nara.Sok@allinone.com.sg', 'Singapore', 'Solutioning', 'Uh6Ku2', 24, 2),
(210001, 'Peter', 'Yap', 'Peter.ayp@allinone.com.sg', 'Singapore', 'IT', 'Lf5Cc5', 16, 3),
(210017, 'Rithy', 'Sok', 'Rithy.Sok@allinone.com.sg', 'Singapore', 'IT', 'Of8Ky7', 15, 2),
(210018, 'Mani', 'Devi', 'Mani.Devi@allinone.com.sg', 'Singapore', 'IT', 'Sv7Fn9', 15, 3),
(210019, 'Koh', 'Seng', 'Koh.Seng@allinone.com.sg', 'Singapore', 'IT', 'Wc3Uc6', 15, 2),
(210020, 'Arifin', 'Saputra', 'Arifin.Saputra@allinone.com.sg', 'Singapore', 'IT', 'Sm0Zf1', 15, 2),
(210021, 'Kumari', 'Pillai', 'Kumari.Pillai@allinone.com.sg', 'Singapore', 'IT', 'Ti9Xy6', 15, 2),
(210022, 'Narong', 'Chua', 'Narong.Chua@allinone.com.sg', 'Singapore', 'IT', 'Gm3Rf4', 15, 2),
(210023, 'Thi', 'Ling', 'Thi.Ling@allinone.com.sg', 'Singapore', 'IT', 'Ky5Fy1', 15, 2),
(210024, 'Vannak', 'Seng', 'Vannak.Seng@allinone.com.sg', 'Singapore', 'IT', 'He8Qd4', 15, 2),
(210025, 'Phuong', 'Truong', 'Phuong.Truong@allinone.com.sg', 'Singapore', 'IT', 'Xp3Bu5', 15, 2),
(210026, 'Srey', 'Suon', 'Srey.Suon@allinone.com.sg', 'Singapore', 'IT', 'Sx2Nu3', 15, 2),
(210027, 'Hlaing', 'Myat', 'Hlaing.Myat@allinone.com.sg', 'Singapore', 'IT', 'De4Au6', 15, 2),
(210028, 'Anh', 'Vo', 'Anh.Vo@allinone.com.sg', 'Singapore', 'IT', 'Zm3Du3', 15, 3),
(210029, 'Chin', 'Chen', 'Chin.Chen@allinone.com.sg', 'Singapore', 'IT', 'St8Xf8', 15, 2),
(210030, 'Nara', 'Loo', 'Nara.Loo@allinone.com.sg', 'Singapore', 'IT', 'Nh2Qj4', 15, 2),
(210031, 'Somchai', 'Kong', 'Somchai.Kong@allinone.com.sg', 'Singapore', 'IT', 'Vm1Xb5', 15, 2),
(210032, 'Rath', 'Khun', 'Rath.Khun@allinone.com.sg', 'Singapore', 'IT', 'Et9Pt5', 15, 2),
(210033, 'Chinh', 'Nguyen', 'Chinh.Nguyen@allinone.com.sg', 'Singapore', 'IT', 'Py0Tq8', 15, 2),
(210034, 'Yee', 'Chong', 'Yee.Chong@allinone.com.sg', 'Singapore', 'IT', 'Hq0Rr9', 15, 2),
(210035, 'Heng', 'Phal', 'Heng.Phal@allinone.com.sg', 'Singapore', 'IT', 'Wm9Sp0', 15, 2),
(210036, 'Sokunthea', 'Seng', 'Sokunthea.Seng@allinone.com.sg', 'Singapore', 'IT', 'Jy5Lu3', 15, 2),
(210037, 'Champa', 'Pheap', 'Champa.Pheap@allinone.com.sg', 'Singapore', 'IT', 'Wh4Kh4', 15, 2),
(210038, 'Rahim', 'Harun', 'Rahim.Harun@allinone.com.sg', 'Singapore', 'IT', 'Mi8Zt6', 15, 2),
(210039, 'Hakim', 'Sulaiman', 'Hakim.Sulaiman@allinone.com.sg', 'Singapore', 'IT', 'Bk1Wx1', 15, 2),
(210040, 'Trung', 'Nguyen', 'Trung.Nguyen@allinone.com.sg', 'Singapore', 'IT', 'Ov1Jr6', 15, 2),
(210041, 'Seng', 'Sao', 'Seng.Sao@allinone.com.sg', 'Singapore', 'IT', 'Xr6Ux3', 15, 2),
(210042, 'Narong', 'Savoeun', 'Narong.Savoeun@allinone.com.sg', 'Singapore', 'IT', 'Cf6Zu2', 15, 2),
(210043, 'Phuc', 'Luong', 'Phuc.Luong@allinone.com.sg', 'Singapore', 'IT', 'Iq8Oj1', 15, 2),
(210044, 'Chandara', 'Tith', 'Chandara.Tith@allinone.com.sg', 'Singapore', 'IT', 'Mr2Dp6', 15, 2);

-- --------------------------------------------------------

--
-- Table structure for table `staffskill`
--

DROP TABLE IF EXISTS `staffskill`;
CREATE TABLE IF NOT EXISTS `staffskill` (
  `Staff_ID` int NOT NULL,
  `Skill_ID` int NOT NULL,
  PRIMARY KEY (`Staff_ID`,`Skill_ID`),
  KEY `Skill_ID` (`Skill_ID`)
);

--
-- Dumping data for table `staffskill`
--

INSERT INTO `staffskill` (`Staff_ID`, `Skill_ID`) VALUES
(140001, 1),
(140004, 1),
(140736, 1),
(140880, 1),
(140893, 1),
(140898, 1),
(140917, 1),
(140923, 1),
(140938, 1),
(140942, 1),
(150118, 1),
(150796, 1),
(151118, 1),
(151494, 1),
(151603, 1),
(160282, 1),
(160298, 1),
(170238, 1),
(171038, 1),
(180010, 1),
(180025, 1),
(180029, 1),
(190005, 1),
(190009, 1),
(190025, 1),
(190028, 1),
(190041, 1),
(190044, 1),
(190056, 1),
(190059, 1),
(190077, 1),
(190093, 1),
(190096, 1),
(210020, 1),
(210023, 1),
(210034, 1),
(210037, 1),
(140002, 2),
(140878, 2),
(140894, 2),
(140918, 2),
(140940, 2),
(150615, 2),
(150916, 2),
(151482, 2),
(151499, 2),
(151590, 2),
(160135, 2),
(170245, 2),
(171008, 2),
(171022, 2),
(171026, 2),
(171039, 2),
(171043, 2),
(180011, 2),
(180026, 2),
(180030, 2),
(190006, 2),
(190026, 2),
(190094, 2),
(210021, 2),
(140003, 3),
(140879, 3),
(140895, 3),
(140919, 3),
(160142, 3),
(160284, 3),
(170655, 3),
(171009, 3),
(171023, 3),
(171027, 3),
(171041, 3),
(171044, 3),
(180012, 3),
(180027, 3),
(180032, 3),
(140004, 4),
(140880, 4),
(140898, 4),
(140923, 4),
(140942, 4),
(150138, 4),
(150205, 4),
(150288, 4),
(150342, 4),
(150445, 4),
(150512, 4),
(150633, 4),
(150866, 4),
(151266, 4),
(151425, 4),
(151443, 4),
(151447, 4),
(151466, 4),
(151469, 4),
(151484, 4),
(151498, 4),
(151515, 4),
(151534, 4),
(151550, 4),
(151559, 4),
(151574, 4),
(151578, 4),
(151607, 4),
(160304, 4),
(160326, 4),
(170866, 4),
(171024, 4),
(171042, 4),
(180013, 4),
(180029, 4),
(180033, 4),
(190009, 4),
(190015, 4),
(190028, 4),
(190031, 4),
(190044, 4),
(190047, 4),
(190059, 4),
(190066, 4),
(190080, 4),
(190096, 4),
(210023, 4),
(210026, 4),
(210037, 4),
(210040, 4),
(140008, 5),
(140881, 5),
(140900, 5),
(140924, 5),
(140944, 5),
(150065, 5),
(150142, 5),
(150155, 5),
(150208, 5),
(150295, 5),
(150446, 5),
(150638, 5),
(150916, 5),
(150938, 5),
(151288, 5),
(151411, 5),
(151426, 5),
(151444, 5),
(151467, 5),
(151485, 5),
(151499, 5),
(151503, 5),
(151517, 5),
(151520, 5),
(151535, 5),
(151556, 5),
(151575, 5),
(151595, 5),
(151608, 5),
(151611, 5),
(180014, 5),
(180030, 5),
(180034, 5),
(190010, 5),
(190016, 5),
(190029, 5),
(190032, 5),
(190045, 5),
(190048, 5),
(190064, 5),
(190067, 5),
(190082, 5),
(190097, 5),
(210024, 5),
(210027, 5),
(210038, 5),
(210041, 5),
(140015, 6),
(140078, 6),
(140882, 6),
(140887, 6),
(140901, 6),
(140905, 6),
(140925, 6),
(140928, 6),
(140945, 6),
(150075, 6),
(150143, 6),
(150162, 6),
(150215, 6),
(150233, 6),
(150318, 6),
(150488, 6),
(150645, 6),
(150918, 6),
(150968, 6),
(151407, 6),
(151412, 6),
(151427, 6),
(151431, 6),
(151446, 6),
(151468, 6),
(151487, 6),
(151500, 6),
(151505, 6),
(151518, 6),
(151521, 6),
(151536, 6),
(151558, 6),
(151576, 6),
(151596, 6),
(151609, 6),
(151612, 6),
(180001, 6),
(180015, 6),
(180032, 6),
(180036, 6),
(190014, 6),
(190017, 6),
(190030, 6),
(190033, 6),
(190046, 6),
(190049, 6),
(190065, 6),
(190068, 6),
(190086, 6),
(190098, 6),
(210025, 6),
(210028, 6),
(210039, 6),
(210042, 6),
(150525, 7),
(151472, 7),
(151581, 7),
(160148, 7),
(170208, 7),
(171010, 7),
(171013, 7),
(171029, 7),
(171032, 7),
(171045, 7),
(171048, 7),
(180002, 7),
(180019, 7),
(180033, 7),
(180037, 7),
(190015, 7),
(190031, 7),
(210029, 7),
(210043, 7),
(151476, 8),
(151582, 8),
(160155, 8),
(170215, 8),
(171011, 8),
(171014, 8),
(171030, 8),
(171033, 8),
(171046, 8),
(180020, 8),
(180034, 8),
(210030, 8),
(210044, 8),
(140102, 10),
(140115, 10),
(140888, 10),
(140908, 10),
(140929, 10),
(150076, 10),
(150976, 10),
(151506, 10),
(160212, 10),
(170232, 10),
(171013, 10),
(171016, 10),
(171032, 10),
(171035, 10),
(171048, 10),
(180002, 10),
(180005, 10),
(180022, 10),
(180037, 10),
(190075, 10),
(210032, 10),
(140103, 11),
(140525, 11),
(140889, 11),
(140892, 11),
(140909, 11),
(140912, 11),
(140933, 11),
(140937, 11),
(150085, 11),
(150165, 11),
(150245, 11),
(151008, 11),
(151414, 11),
(151433, 11),
(151507, 11),
(151524, 11),
(160008, 11),
(160076, 11),
(160213, 11),
(160258, 11),
(160294, 11),
(160297, 11),
(160308, 11),
(160315, 11),
(160331, 11),
(160334, 11),
(170233, 11),
(171014, 11),
(171017, 11),
(171033, 11),
(171036, 11),
(180003, 11),
(180006, 11),
(180023, 11),
(180038, 11),
(190004, 11),
(190019, 11),
(190024, 11),
(190036, 11),
(190040, 11),
(190051, 11),
(190055, 11),
(190070, 11),
(190076, 11),
(190092, 11),
(210001, 11),
(210019, 11),
(210030, 11),
(210033, 11),
(210044, 11),
(140001, 12),
(140108, 12),
(140736, 12),
(140890, 12),
(140893, 12),
(140910, 12),
(140917, 12),
(140934, 12),
(140938, 12),
(150008, 12),
(150095, 12),
(150166, 12),
(150258, 12),
(150356, 12),
(150565, 12),
(151055, 12),
(151415, 12),
(151435, 12),
(151456, 12),
(151508, 12),
(151525, 12),
(151544, 12),
(151564, 12),
(160118, 12),
(160282, 12),
(180004, 12),
(180010, 12),
(180025, 12),
(190005, 12),
(190021, 12),
(190037, 12),
(190052, 12),
(190074, 12),
(190093, 12),
(210034, 12),
(140002, 13),
(140115, 13),
(140878, 13),
(140891, 13),
(140894, 13),
(140911, 13),
(140918, 13),
(140935, 13),
(140940, 13),
(150096, 13),
(150125, 13),
(150168, 13),
(150193, 13),
(150265, 13),
(150398, 13),
(150566, 13),
(150826, 13),
(151056, 13),
(151146, 13),
(151416, 13),
(151419, 13),
(151436, 13),
(151457, 13),
(151479, 13),
(151495, 13),
(151509, 13),
(151513, 13),
(151526, 13),
(151545, 13),
(151567, 13),
(151584, 13),
(151605, 13),
(160296, 13),
(160314, 13),
(160333, 13),
(180005, 13),
(180011, 13),
(180026, 13),
(190003, 13),
(190006, 13),
(190022, 13),
(190026, 13),
(190038, 13),
(190042, 13),
(190054, 13),
(190057, 13),
(190075, 13),
(190078, 13),
(190094, 13),
(210018, 13),
(210021, 13),
(210032, 13),
(210035, 13),
(140525, 14),
(140892, 14),
(140912, 14),
(140937, 14),
(150115, 14),
(150126, 14),
(150175, 14),
(150198, 14),
(150275, 14),
(150283, 14),
(150422, 14),
(150435, 14),
(150585, 14),
(150632, 14),
(150845, 14),
(151058, 14),
(151198, 14),
(151417, 14),
(151420, 14),
(151438, 14),
(151441, 14),
(151458, 14),
(151465, 14),
(151480, 14),
(151483, 14),
(151496, 14),
(151510, 14),
(151514, 14),
(151527, 14),
(151533, 14),
(151546, 14),
(151549, 14),
(151568, 14),
(151573, 14),
(151585, 14),
(151591, 14),
(151606, 14),
(180006, 14),
(180012, 14),
(180027, 14),
(190004, 14),
(190008, 14),
(190024, 14),
(190027, 14),
(190040, 14),
(190043, 14),
(190055, 14),
(190058, 14),
(190076, 14),
(190079, 14),
(190095, 14),
(210019, 14),
(210022, 14),
(210033, 14),
(210036, 14),
(140004, 15),
(140736, 15),
(140880, 15),
(140893, 15),
(140898, 15),
(140917, 15),
(140923, 15),
(140938, 15),
(140942, 15),
(150118, 15),
(160118, 15),
(170866, 15),
(171018, 15),
(171024, 15),
(171038, 15),
(171042, 15),
(180010, 15),
(180013, 15),
(180029, 15),
(190005, 15),
(190025, 15),
(190041, 15),
(190056, 15),
(210037, 15),
(140008, 16),
(140878, 16),
(140881, 16),
(140894, 16),
(140900, 16),
(140918, 16),
(140924, 16),
(140940, 16),
(140944, 16),
(150125, 16),
(150193, 16),
(150282, 16),
(151146, 16),
(151419, 16),
(151440, 16),
(151513, 16),
(151531, 16),
(151548, 16),
(160135, 16),
(160283, 16),
(160299, 16),
(171008, 16),
(171026, 16),
(171043, 16),
(180011, 16),
(180014, 16),
(180030, 16),
(190006, 16),
(190010, 16),
(190026, 16),
(190029, 16),
(190042, 16),
(190045, 16),
(190057, 16),
(190064, 16),
(190078, 16),
(190082, 16),
(190097, 16),
(210024, 16),
(210035, 16),
(210038, 16),
(140879, 17),
(150126, 17),
(150143, 17),
(150198, 17),
(150283, 17),
(150435, 17),
(150632, 17),
(150918, 17),
(151198, 17),
(151407, 17),
(151420, 17),
(151441, 17),
(151465, 17),
(151483, 17),
(151500, 17),
(151514, 17),
(151533, 17),
(151549, 17),
(151573, 17),
(151591, 17),
(151609, 17),
(171009, 17),
(171023, 17),
(171027, 17),
(171041, 17),
(180012, 17),
(180015, 17),
(180032, 17),
(190008, 17),
(190014, 17),
(190027, 17),
(190030, 17),
(190043, 17),
(190046, 17),
(190058, 17),
(190065, 17),
(190079, 17),
(190086, 17),
(190098, 17),
(210022, 17),
(210025, 17),
(210036, 17),
(210039, 17),
(140025, 18),
(140880, 18),
(140898, 18),
(140923, 18),
(140942, 18),
(160143, 18),
(160286, 18),
(160301, 18),
(170208, 18),
(171010, 18),
(171029, 18),
(171042, 18),
(171045, 18),
(180013, 18),
(180033, 18),
(190015, 18),
(190031, 18),
(190047, 18),
(190066, 18),
(190087, 18),
(210040, 18),
(140881, 19),
(150695, 19),
(151489, 19),
(151598, 19),
(160145, 19),
(160155, 19),
(160287, 19),
(160290, 19),
(160302, 19),
(160305, 19),
(160324, 19),
(160328, 19),
(160339, 19),
(210024, 19),
(210027, 19),
(210038, 19),
(210041, 19),
(140078, 20),
(140882, 20),
(140887, 20),
(140901, 20),
(140905, 20),
(140925, 20),
(140928, 20),
(140945, 20),
(150075, 20),
(150143, 20),
(150162, 20),
(150215, 20),
(150233, 20),
(150318, 20),
(150345, 20),
(150488, 20),
(150518, 20),
(150645, 20),
(150705, 20),
(150968, 20),
(151407, 20),
(151412, 20),
(151427, 20),
(151431, 20),
(151446, 20),
(151450, 20),
(151468, 20),
(151471, 20),
(151487, 20),
(151491, 20),
(151505, 20),
(151518, 20),
(151521, 20),
(151536, 20),
(151540, 20),
(151558, 20),
(151561, 20),
(151576, 20),
(151580, 20),
(151596, 20),
(151600, 20),
(151612, 20),
(160146, 20),
(160188, 20),
(160288, 20),
(160291, 20),
(160303, 20),
(160306, 20),
(160325, 20),
(160329, 20),
(170166, 20),
(170216, 20),
(171012, 20),
(171027, 20),
(171031, 20),
(171044, 20),
(171047, 20),
(180001, 20),
(180015, 20),
(180021, 20),
(180036, 20),
(190014, 20),
(190017, 20),
(190030, 20),
(190033, 20),
(190046, 20),
(190049, 20),
(190065, 20),
(190068, 20),
(190086, 20),
(190089, 20),
(210025, 20),
(210028, 20),
(210039, 20),
(210042, 20),
(140102, 21),
(140883, 21),
(140888, 21),
(140903, 21),
(140908, 21),
(140926, 21),
(140929, 21),
(140947, 21),
(150076, 21),
(150148, 21),
(150163, 21),
(150216, 21),
(150238, 21),
(150342, 21),
(150348, 21),
(150512, 21),
(150525, 21),
(150655, 21),
(150765, 21),
(150976, 21),
(151410, 21),
(151413, 21),
(151428, 21),
(151432, 21),
(151447, 21),
(151451, 21),
(151469, 21),
(151472, 21),
(151488, 21),
(151492, 21),
(151506, 21),
(151519, 21),
(151523, 21),
(151537, 21),
(151541, 21),
(151559, 21),
(151562, 21),
(151578, 21),
(151581, 21),
(151597, 21),
(151601, 21),
(151613, 21),
(160148, 21),
(160212, 21),
(160289, 21),
(160293, 21),
(160304, 21),
(160307, 21),
(160326, 21),
(160330, 21),
(170208, 21),
(170232, 21),
(171013, 21),
(171029, 21),
(171032, 21),
(171045, 21),
(171048, 21),
(180002, 21),
(180019, 21),
(180022, 21),
(180037, 21),
(190015, 21),
(190018, 21),
(190031, 21),
(190035, 21),
(190047, 21),
(190050, 21),
(190066, 21),
(190069, 21),
(190087, 21),
(190091, 21),
(210026, 21),
(210029, 21),
(210040, 21),
(210043, 21),
(140103, 22),
(140886, 22),
(140889, 22),
(140904, 22),
(140909, 22),
(140927, 22),
(140933, 22),
(140948, 22),
(150085, 22),
(150155, 22),
(150165, 22),
(150232, 22),
(150245, 22),
(150343, 22),
(150355, 22),
(150513, 22),
(150555, 22),
(150695, 22),
(150776, 22),
(151008, 22),
(151411, 22),
(151414, 22),
(151430, 22),
(151433, 22),
(151448, 22),
(151452, 22),
(151470, 22),
(151476, 22),
(151489, 22),
(151493, 22),
(151507, 22),
(151520, 22),
(151524, 22),
(151539, 22),
(151543, 22),
(151560, 22),
(151563, 22),
(151579, 22),
(151582, 22),
(151598, 22),
(151602, 22),
(180003, 22),
(180020, 22),
(180023, 22),
(180038, 22),
(190016, 22),
(190019, 22),
(190032, 22),
(190036, 22),
(190048, 22),
(190051, 22),
(190067, 22),
(190070, 22),
(190088, 22),
(190092, 22),
(210001, 22),
(210027, 22),
(210030, 22),
(210041, 22),
(210044, 22),
(140001, 23),
(140108, 23),
(140887, 23),
(140890, 23),
(140905, 23),
(140910, 23),
(140928, 23),
(140934, 23),
(150162, 23),
(150233, 23),
(151412, 23),
(151431, 23),
(151521, 23),
(151540, 23),
(180001, 23),
(180004, 23),
(180021, 23),
(180025, 23),
(190017, 23),
(140002, 24),
(140115, 24),
(140888, 24),
(140891, 24),
(140908, 24),
(140911, 24),
(140929, 24),
(140935, 24),
(150163, 24),
(150238, 24),
(150348, 24),
(150525, 24),
(150765, 24),
(151413, 24),
(151432, 24),
(151451, 24),
(151472, 24),
(151492, 24),
(151523, 24),
(151541, 24),
(151562, 24),
(151581, 24),
(151601, 24),
(160075, 24),
(160225, 24),
(160296, 24),
(160314, 24),
(160333, 24),
(180002, 24),
(180005, 24),
(180022, 24),
(180026, 24),
(190003, 24),
(190018, 24),
(190022, 24),
(190035, 24),
(190038, 24),
(190050, 24),
(190054, 24),
(190069, 24),
(190075, 24),
(190091, 24),
(190094, 24),
(210018, 24),
(210029, 24),
(210032, 24),
(210043, 24),
(140003, 25),
(140525, 25),
(140889, 25),
(140892, 25),
(140909, 25),
(140912, 25),
(140933, 25),
(140937, 25),
(150115, 25),
(150165, 25),
(150175, 25),
(150245, 25),
(150275, 25),
(150355, 25),
(150422, 25),
(150555, 25),
(150585, 25),
(150776, 25),
(150845, 25),
(151058, 25),
(151414, 25),
(151417, 25),
(151433, 25),
(151438, 25),
(151452, 25),
(151458, 25),
(151476, 25),
(151480, 25),
(151493, 25),
(151496, 25),
(151510, 25),
(151524, 25),
(151527, 25),
(151543, 25),
(151546, 25),
(151563, 25),
(151568, 25),
(151582, 25),
(151585, 25),
(151602, 25),
(151606, 25),
(160213, 25),
(160294, 25),
(160308, 25),
(170233, 25),
(170655, 25),
(171017, 25),
(171033, 25),
(171036, 25),
(180003, 25),
(180006, 25),
(180023, 25),
(180027, 25),
(190004, 25),
(190019, 25),
(190024, 25),
(190036, 25),
(190040, 25),
(190051, 25),
(190055, 25),
(190070, 25),
(190076, 25),
(190092, 25),
(190095, 25),
(210001, 25),
(210019, 25),
(210030, 25),
(210033, 25),
(210044, 25),
(140001, 26),
(140004, 26),
(140736, 26),
(140890, 26),
(140893, 26),
(140910, 26),
(140917, 26),
(140934, 26),
(140938, 26),
(150118, 26),
(150166, 26),
(150192, 26),
(150258, 26),
(150356, 26),
(150565, 26),
(150796, 26),
(151118, 26),
(151415, 26),
(151418, 26),
(151435, 26),
(151456, 26),
(151477, 26),
(151494, 26),
(151512, 26),
(151525, 26),
(151544, 26),
(151564, 26),
(151583, 26),
(151603, 26),
(160218, 26),
(160295, 26),
(170866, 26),
(171018, 26),
(171038, 26),
(180004, 26),
(180010, 26),
(180025, 26),
(180029, 26),
(190005, 26),
(190021, 26),
(190025, 26),
(190037, 26),
(190041, 26),
(190052, 26),
(190056, 26),
(190074, 26),
(190077, 26),
(190093, 26),
(190096, 26),
(210017, 26),
(210020, 26),
(210031, 26),
(210034, 26),
(140008, 27),
(140878, 27),
(140894, 27),
(140918, 27),
(140940, 27),
(150916, 27),
(151499, 27),
(151590, 27),
(151608, 27),
(160135, 27),
(160225, 27),
(160283, 27),
(160296, 27),
(160299, 27),
(160314, 27),
(160317, 27),
(160333, 27),
(160336, 27),
(171035, 27),
(180005, 27),
(190022, 27),
(140003, 28),
(140015, 28),
(140879, 28),
(140892, 28),
(140895, 28),
(140912, 28),
(140919, 28),
(140937, 28),
(140941, 28),
(150126, 28),
(150175, 28),
(150198, 28),
(150275, 28),
(150283, 28),
(150422, 28),
(150435, 28),
(150585, 28),
(150632, 28),
(150845, 28),
(150918, 28),
(151198, 28),
(151417, 28),
(151420, 28),
(151438, 28),
(151441, 28),
(151458, 28),
(151465, 28),
(151480, 28),
(151483, 28),
(151496, 28),
(151500, 28),
(151514, 28),
(151527, 28),
(151533, 28),
(151546, 28),
(151549, 28),
(151568, 28),
(151573, 28),
(151585, 28),
(151591, 28),
(151606, 28),
(151609, 28),
(160142, 28),
(160258, 28),
(160284, 28),
(160297, 28),
(160300, 28),
(160315, 28),
(160318, 28),
(160334, 28),
(160337, 28),
(170655, 28),
(171009, 28),
(171023, 28),
(171036, 28),
(171041, 28),
(180006, 28),
(180012, 28),
(180027, 28),
(180032, 28),
(190008, 28),
(190024, 28),
(190027, 28),
(190040, 28),
(190043, 28),
(190055, 28),
(190058, 28),
(190076, 28),
(190079, 28),
(190095, 28),
(190098, 28),
(210019, 28),
(210022, 28),
(210033, 28),
(210036, 28),
(160143, 29),
(160282, 29),
(160286, 29),
(160298, 29),
(160301, 29),
(160316, 29),
(160323, 29),
(160335, 29),
(160338, 29),
(160145, 30),
(160283, 30),
(160287, 30),
(160299, 30),
(160302, 30),
(160317, 30),
(160324, 30),
(160336, 30),
(160339, 30),
(140015, 31),
(160284, 31),
(170166, 31),
(171009, 31),
(171012, 31),
(171027, 31),
(171041, 31),
(171044, 31),
(180012, 31),
(140025, 32),
(140102, 32),
(140883, 32),
(140898, 32),
(140903, 32),
(140923, 32),
(140926, 32),
(140942, 32),
(140947, 32),
(150205, 32),
(151425, 32),
(151534, 32),
(170208, 32),
(171010, 32),
(171013, 32),
(171029, 32),
(171042, 32),
(171045, 32),
(180013, 32),
(180019, 32),
(180033, 32),
(180037, 32),
(170215, 33),
(171011, 33),
(171014, 33),
(171030, 33),
(171043, 33),
(171046, 33),
(140108, 34),
(140928, 34),
(150215, 34),
(150318, 34),
(151427, 34),
(151446, 34),
(151536, 34),
(151558, 34),
(160288, 34),
(160303, 34),
(170166, 34),
(170216, 34),
(171012, 34),
(171015, 34),
(171031, 34),
(171044, 34),
(171047, 34),
(180001, 34),
(180015, 34),
(180021, 34),
(180036, 34),
(170208, 35),
(170232, 35),
(171013, 35),
(171016, 35),
(171032, 35),
(171045, 35),
(171048, 35),
(170215, 36),
(170233, 36),
(171014, 36),
(171017, 36),
(171033, 36),
(171046, 36),
(140001, 37),
(140736, 37),
(140890, 37),
(140910, 37),
(140934, 37),
(150233, 37),
(160291, 37),
(160306, 37),
(170216, 37),
(170238, 37),
(171015, 37),
(171018, 37),
(171034, 37),
(171047, 37),
(180001, 37),
(180004, 37),
(180021, 37),
(180025, 37),
(170232, 38),
(170245, 38),
(171016, 38),
(171022, 38),
(171035, 38),
(171048, 38),
(160076, 39),
(160142, 39),
(160258, 39),
(160294, 39),
(160297, 39),
(160308, 39),
(160315, 39),
(160331, 39),
(160334, 39),
(180003, 39),
(180006, 39),
(180023, 39),
(180027, 39),
(160118, 40),
(160143, 40),
(160282, 40),
(160295, 40),
(160298, 40),
(160313, 40),
(160316, 40),
(160332, 40),
(160335, 40),
(180004, 40),
(180010, 40),
(180025, 40),
(180029, 40),
(160135, 41),
(160145, 41),
(160283, 41),
(160296, 41),
(160299, 41),
(160314, 41),
(160317, 41),
(160333, 41),
(160336, 41),
(180005, 41),
(180011, 41),
(180026, 41),
(180030, 41),
(160142, 42),
(160146, 42),
(160284, 42),
(160297, 42),
(160300, 42),
(160315, 42),
(160318, 42),
(160334, 42),
(160337, 42),
(180006, 42),
(180012, 42),
(180027, 42),
(180032, 42),
(190008, 42),
(190014, 42),
(190027, 42),
(190043, 42),
(190058, 42),
(190079, 42),
(190095, 42),
(190098, 42),
(210019, 42),
(210022, 42),
(210033, 42),
(210036, 42),
(150138, 43),
(150205, 43),
(150276, 43),
(150288, 43),
(150423, 43),
(150445, 43),
(150608, 43),
(150633, 43),
(150866, 43),
(151266, 43),
(151425, 43),
(151439, 43),
(151443, 43),
(151459, 43),
(151466, 43),
(151481, 43),
(151484, 43),
(151498, 43),
(151515, 43),
(151534, 43),
(151547, 43),
(151550, 43),
(151570, 43),
(151574, 43),
(151589, 43),
(151607, 43),
(180010, 43),
(180013, 43),
(180029, 43),
(180033, 43),
(190009, 43),
(190015, 43),
(190028, 43),
(190041, 43),
(190044, 43),
(190056, 43),
(190059, 43),
(190077, 43),
(190080, 43),
(190096, 43),
(210020, 43),
(210023, 43),
(210034, 43),
(210037, 43),
(140008, 44),
(140918, 44),
(140940, 44),
(150065, 44),
(150142, 44),
(150155, 44),
(150208, 44),
(150282, 44),
(150295, 44),
(150428, 44),
(150446, 44),
(150615, 44),
(150638, 44),
(150916, 44),
(150938, 44),
(151288, 44),
(151426, 44),
(151440, 44),
(151444, 44),
(151464, 44),
(151467, 44),
(151482, 44),
(151485, 44),
(151499, 44),
(151503, 44),
(151517, 44),
(151535, 44),
(151548, 44),
(151556, 44),
(151571, 44),
(151575, 44),
(151590, 44),
(151595, 44),
(151608, 44),
(151611, 44),
(180011, 44),
(180014, 44),
(180030, 44),
(180034, 44),
(190010, 44),
(190016, 44),
(190029, 44),
(190042, 44),
(190045, 44),
(190057, 44),
(190064, 44),
(190078, 44),
(190082, 44),
(190097, 44),
(210021, 44),
(210024, 44),
(210035, 44),
(210038, 44),
(150162, 45),
(151412, 45),
(151521, 45),
(160146, 45),
(160188, 45),
(160288, 45),
(160300, 45),
(160303, 45),
(160318, 45),
(160325, 45),
(160337, 45),
(171009, 45),
(171027, 45),
(180012, 45),
(180015, 45),
(180032, 45),
(210022, 45),
(210025, 45),
(210036, 45),
(210039, 45),
(160148, 46),
(160212, 46),
(160289, 46),
(160301, 46),
(160304, 46),
(160323, 46),
(160326, 46),
(160338, 46),
(180013, 46),
(180019, 46),
(180033, 46),
(180037, 46),
(150065, 47),
(150085, 47),
(150155, 47),
(150165, 47),
(150232, 47),
(150295, 47),
(150343, 47),
(150446, 47),
(150513, 47),
(150638, 47),
(150695, 47),
(150938, 47),
(151008, 47),
(151411, 47),
(151414, 47),
(151430, 47),
(151444, 47),
(151448, 47),
(151467, 47),
(151470, 47),
(151485, 47),
(151489, 47),
(151503, 47),
(151507, 47),
(151520, 47),
(151524, 47),
(151539, 47),
(151556, 47),
(151560, 47),
(151575, 47),
(151579, 47),
(151595, 47),
(151598, 47),
(151611, 47),
(180014, 47),
(180020, 47),
(180034, 47),
(180038, 47),
(190016, 47),
(190019, 47),
(190032, 47),
(190045, 47),
(190048, 47),
(190064, 47),
(190067, 47),
(190082, 47),
(190088, 47),
(210024, 47),
(210027, 47),
(210038, 47),
(210041, 47),
(160065, 48),
(160188, 48),
(160218, 48),
(160291, 48),
(160303, 48),
(160306, 48),
(160325, 48),
(160329, 48),
(160075, 49),
(160212, 49),
(160225, 49),
(160293, 49),
(160304, 49),
(160307, 49),
(160326, 49),
(160330, 49),
(140892, 50),
(151527, 50),
(160008, 50),
(160076, 50),
(160213, 50),
(160258, 50),
(160294, 50),
(160305, 50),
(160308, 50),
(160328, 50),
(160331, 50),
(170215, 50),
(180020, 50),
(190024, 50),
(210027, 50),
(140001, 51),
(140108, 51),
(140736, 51),
(140890, 51),
(140893, 51),
(140910, 51),
(140928, 51),
(140934, 51),
(170216, 51),
(180001, 51),
(180004, 51),
(180021, 51),
(180025, 51),
(150096, 52),
(150125, 52),
(150168, 52),
(150193, 52),
(150265, 52),
(150348, 52),
(150398, 52),
(150525, 52),
(150566, 52),
(150765, 52),
(150826, 52),
(151056, 52),
(151146, 52),
(151416, 52),
(151419, 52),
(151436, 52),
(151451, 52),
(151457, 52),
(151472, 52),
(151479, 52),
(151492, 52),
(151495, 52),
(151509, 52),
(151513, 52),
(151526, 52),
(151531, 52),
(151545, 52),
(151562, 52),
(151567, 52),
(151581, 52),
(151584, 52),
(151601, 52),
(151605, 52),
(180002, 52),
(180005, 52),
(180022, 52),
(180026, 52),
(190003, 52),
(190006, 52),
(190022, 52),
(190026, 52),
(190038, 52),
(190050, 52),
(190054, 52),
(190069, 52),
(190075, 52),
(190091, 52),
(190094, 52),
(210018, 52),
(210029, 52),
(210032, 52),
(210043, 52),
(140003, 53),
(140525, 53),
(140879, 53),
(140892, 53),
(140895, 53),
(140912, 53),
(140933, 53),
(140937, 53),
(150115, 53),
(150126, 53),
(150175, 53),
(150198, 53),
(150275, 53),
(150355, 53),
(150422, 53),
(150555, 53),
(150585, 53),
(150776, 53),
(150845, 53),
(151058, 53),
(151198, 53),
(151417, 53),
(151420, 53),
(151438, 53),
(151452, 53),
(151458, 53),
(151476, 53),
(151480, 53),
(151493, 53),
(151496, 53),
(151510, 53),
(151514, 53),
(151527, 53),
(151533, 53),
(151546, 53),
(151563, 53),
(151568, 53),
(151582, 53),
(151585, 53),
(151602, 53),
(151606, 53),
(160076, 53),
(160142, 53),
(160258, 53),
(160284, 53),
(160297, 53),
(160308, 53),
(160315, 53),
(160331, 53),
(160334, 53),
(170233, 53),
(170655, 53),
(171017, 53),
(171023, 53),
(171036, 53),
(171041, 53),
(180003, 53),
(180006, 53),
(180023, 53),
(180027, 53),
(190004, 53),
(190008, 53),
(190024, 53),
(190027, 53),
(190040, 53),
(190051, 53),
(190055, 53),
(190070, 53),
(190076, 53),
(190092, 53),
(190095, 53),
(210019, 53),
(210030, 53),
(210033, 53),
(210044, 53),
(140001, 54),
(140004, 54),
(140736, 54),
(140880, 54),
(140893, 54),
(140898, 54),
(140917, 54),
(140934, 54),
(140938, 54),
(150118, 54),
(150138, 54),
(150192, 54),
(150205, 54),
(150276, 54),
(150356, 54),
(150423, 54),
(150565, 54),
(150608, 54),
(150796, 54),
(150866, 54),
(151118, 54),
(151266, 54),
(151418, 54),
(151425, 54),
(151439, 54),
(151456, 54),
(151459, 54),
(151477, 54),
(151481, 54),
(151494, 54),
(151498, 54),
(151512, 54),
(151515, 54),
(151528, 54),
(151534, 54),
(151547, 54),
(151564, 54),
(151570, 54),
(151583, 54),
(151589, 54),
(151603, 54),
(151607, 54),
(170238, 54),
(180004, 54),
(180010, 54),
(180025, 54),
(180029, 54),
(190005, 54),
(190009, 54),
(190025, 54),
(190028, 54),
(190041, 54),
(190052, 54),
(190056, 54),
(190074, 54),
(190077, 54),
(190093, 54),
(190096, 54),
(210020, 54),
(210031, 54),
(210034, 54),
(140002, 55),
(140008, 55),
(140878, 55),
(140881, 55),
(140894, 55),
(140900, 55),
(140918, 55),
(140935, 55),
(140940, 55),
(150125, 55),
(150142, 55),
(150193, 55),
(150208, 55),
(150282, 55),
(150398, 55),
(150428, 55),
(150566, 55),
(150615, 55),
(150826, 55),
(150916, 55),
(151146, 55),
(151288, 55),
(151419, 55),
(151426, 55),
(151440, 55),
(151457, 55),
(151464, 55),
(151479, 55),
(151482, 55),
(151495, 55),
(151499, 55),
(151513, 55),
(151517, 55),
(151531, 55),
(151535, 55),
(151548, 55),
(151567, 55),
(151571, 55),
(151584, 55),
(151590, 55),
(151605, 55),
(151608, 55),
(160135, 55),
(160145, 55),
(160283, 55),
(160287, 55),
(160299, 55),
(160314, 55),
(160317, 55),
(160333, 55),
(160336, 55),
(170245, 55),
(171008, 55),
(171022, 55),
(171026, 55),
(171039, 55),
(171043, 55),
(180005, 55),
(180011, 55),
(180026, 55),
(180030, 55),
(190006, 55),
(190010, 55),
(190026, 55),
(190029, 55),
(190042, 55),
(190054, 55),
(190057, 55),
(190075, 55),
(190078, 55),
(190094, 55),
(190097, 55),
(210021, 55),
(210032, 55),
(210035, 55),
(140003, 56),
(140015, 56),
(140879, 56),
(140882, 56),
(140895, 56),
(140901, 56),
(140919, 56),
(140937, 56),
(140941, 56),
(150126, 56),
(150143, 56),
(150198, 56),
(150215, 56),
(150283, 56),
(150422, 56),
(150435, 56),
(150585, 56),
(150632, 56),
(150845, 56),
(150918, 56),
(151198, 56),
(151407, 56),
(151420, 56),
(151427, 56),
(151441, 56),
(151458, 56),
(151465, 56),
(151480, 56),
(151483, 56),
(151496, 56),
(151500, 56),
(151514, 56),
(151518, 56),
(151533, 56),
(151536, 56),
(151549, 56),
(151568, 56),
(151573, 56),
(151585, 56),
(151591, 56),
(151606, 56),
(151609, 56),
(160142, 56),
(160146, 56),
(160284, 56),
(160288, 56),
(160300, 56),
(160315, 56),
(160318, 56),
(160334, 56),
(160337, 56),
(170655, 56),
(171009, 56),
(171023, 56),
(171027, 56),
(171041, 56),
(171044, 56),
(180006, 56),
(180012, 56),
(180027, 56),
(180032, 56),
(190008, 56),
(190014, 56),
(190027, 56),
(190030, 56),
(190043, 56),
(190055, 56),
(190058, 56),
(190076, 56),
(190079, 56),
(190095, 56),
(190098, 56),
(210022, 56),
(210033, 56),
(210036, 56),
(150138, 57),
(150148, 57),
(150205, 57),
(150216, 57),
(150288, 57),
(150423, 57),
(150445, 57),
(150608, 57),
(150633, 57),
(150866, 57),
(150935, 57),
(151266, 57),
(151408, 57),
(151410, 57),
(151425, 57),
(151428, 57),
(151443, 57),
(151459, 57),
(151466, 57),
(151481, 57),
(151484, 57),
(151498, 57),
(151502, 57),
(151515, 57),
(151519, 57),
(151534, 57),
(151537, 57),
(151550, 57),
(151570, 57),
(151574, 57),
(151589, 57),
(151593, 57),
(151607, 57),
(151610, 57),
(180011, 58),
(180014, 58),
(180030, 58),
(180034, 58),
(180012, 59),
(180015, 59),
(180032, 59),
(180036, 59),
(140025, 60),
(140102, 60),
(140883, 60),
(140888, 60),
(140903, 60),
(140908, 60),
(140926, 60),
(140942, 60),
(140947, 60),
(180013, 60),
(180019, 60),
(180033, 60),
(180037, 60),
(140036, 61),
(140103, 61),
(140886, 61),
(140889, 61),
(140904, 61),
(140909, 61),
(140927, 61),
(140944, 61),
(140948, 61),
(150065, 61),
(150446, 61),
(150638, 61),
(150938, 61),
(151467, 61),
(151485, 61),
(151575, 61),
(151595, 61),
(180014, 61),
(180020, 61),
(180034, 61),
(180038, 61),
(190016, 61),
(190019, 61),
(190032, 61),
(190036, 61),
(190048, 61),
(190064, 61),
(190067, 61),
(190082, 61),
(190088, 61),
(150008, 62),
(150075, 62),
(150095, 62),
(150162, 62),
(150166, 62),
(150233, 62),
(150258, 62),
(150345, 62),
(150488, 62),
(150518, 62),
(150645, 62),
(150705, 62),
(150968, 62),
(151055, 62),
(151412, 62),
(151415, 62),
(151431, 62),
(151435, 62),
(151450, 62),
(151468, 62),
(151471, 62),
(151487, 62),
(151491, 62),
(151505, 62),
(151508, 62),
(151521, 62),
(151525, 62),
(151540, 62),
(151544, 62),
(151561, 62),
(151576, 62),
(151580, 62),
(151596, 62),
(151600, 62),
(151612, 62),
(180001, 62),
(180015, 62),
(180021, 62),
(180036, 62),
(190017, 62),
(190021, 62),
(190033, 62),
(190037, 62),
(190049, 62),
(190065, 62),
(190068, 62),
(190086, 62),
(190089, 62),
(210017, 62),
(210028, 62),
(210039, 62),
(210042, 62),
(140102, 63),
(140115, 63),
(140888, 63),
(140891, 63),
(140908, 63),
(140911, 63),
(140929, 63),
(140947, 63),
(150076, 63),
(150096, 63),
(150163, 63),
(150168, 63),
(150238, 63),
(150265, 63),
(150348, 63),
(150512, 63),
(150525, 63),
(150655, 63),
(150765, 63),
(150976, 63),
(151056, 63),
(151413, 63),
(151416, 63),
(151432, 63),
(151436, 63),
(151451, 63),
(151469, 63),
(151472, 63),
(151488, 63),
(151492, 63),
(151506, 63),
(151509, 63),
(151523, 63),
(151526, 63),
(151541, 63),
(151545, 63),
(151562, 63),
(151578, 63),
(151581, 63),
(151597, 63),
(151601, 63),
(151613, 63),
(160075, 63),
(160212, 63),
(160225, 63),
(160293, 63),
(160296, 63),
(160307, 63),
(160326, 63),
(160330, 63),
(170208, 63),
(170232, 63),
(171013, 63),
(171016, 63),
(171032, 63),
(171035, 63),
(171048, 63),
(180002, 63),
(180019, 63),
(180022, 63),
(180037, 63),
(190003, 63),
(190018, 63),
(190022, 63),
(190035, 63),
(190038, 63),
(190050, 63),
(190066, 63),
(190069, 63),
(190087, 63),
(190091, 63),
(210018, 63),
(210029, 63),
(210040, 63),
(210043, 63),
(140103, 64),
(140525, 64),
(140889, 64),
(140892, 64),
(140909, 64),
(140912, 64),
(140933, 64),
(140948, 64),
(150085, 64),
(150115, 64),
(150165, 64),
(150175, 64),
(150245, 64),
(150275, 64),
(150355, 64),
(150513, 64),
(150555, 64),
(150695, 64),
(150776, 64),
(151008, 64),
(151058, 64),
(151414, 64),
(151417, 64),
(151433, 64),
(151438, 64),
(151452, 64),
(151470, 64),
(151476, 64),
(151489, 64),
(151493, 64),
(151507, 64),
(151510, 64),
(151524, 64),
(151527, 64),
(151543, 64),
(151546, 64),
(151563, 64),
(151579, 64),
(151582, 64),
(151598, 64),
(151602, 64),
(180003, 64),
(180020, 64),
(180023, 64),
(180038, 64),
(190004, 64),
(190019, 64),
(190024, 64),
(190036, 64),
(190040, 64),
(190051, 64),
(190067, 64),
(190070, 64),
(190088, 64),
(190092, 64),
(160065, 65),
(160118, 65),
(160218, 65),
(160282, 65),
(160295, 65),
(160313, 65),
(160329, 65),
(160332, 65),
(180001, 65),
(180004, 65),
(180021, 65),
(180025, 65),
(150096, 66),
(150125, 66),
(150168, 66),
(150193, 66),
(150265, 66),
(150282, 66),
(150398, 66),
(150525, 66),
(150566, 66),
(150765, 66),
(150826, 66),
(151056, 66),
(151146, 66),
(151416, 66),
(151419, 66),
(151436, 66),
(151440, 66),
(151457, 66),
(151472, 66),
(151479, 66),
(151492, 66),
(151495, 66),
(151509, 66),
(151513, 66),
(151526, 66),
(151531, 66),
(151545, 66),
(151548, 66),
(151567, 66),
(151581, 66),
(151584, 66),
(151601, 66),
(151605, 66),
(180002, 66),
(180005, 66),
(180022, 66),
(180026, 66),
(190003, 66),
(190006, 66),
(190022, 66),
(190026, 66),
(190038, 66),
(190042, 66),
(190054, 66),
(190069, 66),
(190075, 66),
(190091, 66),
(190094, 66),
(210018, 66),
(210021, 66),
(210032, 66),
(210043, 66),
(150115, 67),
(150175, 67),
(150275, 67),
(150422, 67),
(150555, 67),
(150776, 67),
(151058, 67),
(151417, 67),
(151438, 67),
(151476, 67),
(151493, 67),
(151510, 67),
(151527, 67),
(151546, 67),
(151582, 67),
(151602, 67),
(180003, 67),
(180006, 67),
(180023, 67),
(180027, 67),
(190004, 67),
(190008, 67),
(190024, 67),
(190027, 67),
(190040, 67),
(190043, 67),
(190055, 67),
(190070, 67),
(190076, 67),
(190092, 67),
(190095, 67),
(210019, 67),
(210022, 67),
(210033, 67),
(210044, 67),
(150138, 68),
(150205, 68),
(150288, 68),
(150866, 68),
(151266, 68),
(151425, 68),
(151443, 68),
(151481, 68),
(151498, 68),
(151515, 68),
(151534, 68),
(151550, 68),
(151589, 68),
(151607, 68),
(190005, 68),
(190009, 68),
(190025, 68),
(190028, 68),
(190041, 68),
(190044, 68),
(190056, 68),
(190074, 68),
(190077, 68),
(190093, 68),
(190096, 68),
(210020, 68),
(210023, 68),
(210034, 68),
(150142, 69),
(150208, 69),
(150295, 69),
(150916, 69),
(151288, 69),
(151426, 69),
(151444, 69),
(151499, 69),
(151517, 69),
(151535, 69),
(151556, 69),
(151590, 69),
(151608, 69),
(180005, 69),
(180011, 69),
(180026, 69),
(180030, 69),
(190010, 69),
(190029, 69),
(190045, 69),
(210021, 69),
(210024, 69),
(210035, 69),
(150143, 70),
(150215, 70),
(150318, 70),
(151407, 70),
(151427, 70),
(151446, 70),
(151518, 70),
(151536, 70),
(151558, 70),
(180006, 70),
(180027, 70),
(190079, 70),
(190098, 70),
(210022, 70),
(210025, 70),
(210036, 70),
(140008, 71),
(140036, 71),
(140881, 71),
(140886, 71),
(140900, 71),
(140904, 71),
(140924, 71),
(140927, 71),
(140944, 71),
(150065, 71),
(150142, 71),
(150155, 71),
(150208, 71),
(150232, 71),
(150295, 71),
(150343, 71),
(150446, 71),
(150615, 71),
(150638, 71),
(150916, 71),
(150938, 71),
(151288, 71),
(151411, 71),
(151426, 71),
(151430, 71),
(151444, 71),
(151448, 71),
(151467, 71),
(151482, 71),
(151485, 71),
(151499, 71),
(151503, 71),
(151517, 71),
(151520, 71),
(151535, 71),
(151539, 71),
(151556, 71),
(151560, 71),
(151575, 71),
(151590, 71),
(151595, 71),
(151608, 71),
(151611, 71),
(180011, 71),
(180014, 71),
(180030, 71),
(180034, 71),
(190010, 71),
(190016, 71),
(190029, 71),
(190032, 71),
(190045, 71),
(190048, 71),
(190064, 71),
(190078, 71),
(190082, 71),
(190097, 71),
(210024, 71),
(210027, 71),
(210038, 71),
(140883, 72),
(140903, 72),
(140926, 72),
(150342, 72),
(151428, 72),
(151447, 72),
(151537, 72),
(151559, 72),
(160148, 72),
(160289, 72),
(160304, 72),
(160323, 72),
(160338, 72),
(170866, 72),
(171024, 72),
(190015, 72),
(190028, 72),
(190031, 72),
(190044, 72),
(190047, 72),
(190059, 72),
(190077, 72),
(190080, 72),
(190096, 72),
(210023, 72),
(180012, 73),
(180015, 73),
(180032, 73),
(180036, 73),
(140025, 74),
(140102, 74),
(140883, 74),
(140888, 74),
(140903, 74),
(140908, 74),
(140926, 74),
(140929, 74),
(140947, 74),
(150076, 74),
(150148, 74),
(150163, 74),
(150216, 74),
(150238, 74),
(150342, 74),
(150348, 74),
(150512, 74),
(150633, 74),
(150655, 74),
(150935, 74),
(150976, 74),
(151408, 74),
(151410, 74),
(151413, 74),
(151428, 74),
(151432, 74),
(151447, 74),
(151451, 74),
(151469, 74),
(151484, 74),
(151488, 74),
(151502, 74),
(151506, 74),
(151519, 74),
(151523, 74),
(151537, 74),
(151541, 74),
(151559, 74),
(151562, 74),
(151578, 74),
(151593, 74),
(151597, 74),
(151610, 74),
(151613, 74),
(180013, 74),
(180019, 74),
(180033, 74),
(180037, 74),
(190015, 74),
(190018, 74),
(190031, 74),
(190035, 74),
(190047, 74),
(190050, 74),
(190066, 74),
(190080, 74),
(190087, 74),
(210026, 74),
(210029, 74),
(210040, 74),
(160008, 75),
(160155, 75),
(160213, 75),
(160290, 75),
(160294, 75),
(160305, 75),
(160308, 75),
(160328, 75),
(160339, 75),
(140890, 76),
(140910, 76),
(140934, 76),
(160065, 76),
(160188, 76),
(160218, 76),
(160291, 76),
(160295, 76),
(160306, 76),
(160313, 76),
(160329, 76),
(170166, 76),
(170216, 76),
(171012, 76),
(171015, 76),
(171031, 76),
(171034, 76),
(171047, 76),
(180001, 76),
(180015, 76),
(180036, 76),
(140115, 77),
(140891, 77),
(140911, 77),
(140929, 77),
(140935, 77),
(160212, 77),
(160293, 77),
(160307, 77),
(170208, 77),
(170232, 77),
(171013, 77),
(171016, 77),
(171032, 77),
(171035, 77),
(171048, 77),
(180002, 77),
(180019, 77),
(180037, 77),
(140103, 78),
(140525, 78),
(140889, 78),
(140892, 78),
(140909, 78),
(140912, 78),
(140933, 78),
(140937, 78),
(150085, 78),
(150115, 78),
(150165, 78),
(150175, 78),
(150245, 78),
(150275, 78),
(150355, 78),
(150422, 78),
(150555, 78),
(150695, 78),
(150776, 78),
(151008, 78),
(151058, 78),
(151414, 78),
(151417, 78),
(151433, 78),
(151438, 78),
(151452, 78),
(151458, 78),
(151476, 78),
(151489, 78),
(151493, 78),
(151507, 78),
(151510, 78),
(151524, 78),
(151527, 78),
(151543, 78),
(151546, 78),
(151563, 78),
(151568, 78),
(151582, 78),
(151598, 78),
(151602, 78),
(160258, 78),
(160297, 78),
(160315, 78),
(170215, 78),
(171014, 78),
(180003, 78),
(180020, 78),
(180023, 78),
(180038, 78),
(190004, 78),
(190019, 78),
(190024, 78),
(190036, 78),
(190040, 78),
(190051, 78),
(190055, 78),
(190070, 78),
(190088, 78),
(190092, 78),
(210001, 78),
(210019, 78),
(210030, 78),
(210033, 78),
(210044, 78),
(140001, 79),
(140108, 79),
(140736, 79),
(140890, 79),
(140893, 79),
(140910, 79),
(140917, 79),
(140934, 79),
(140938, 79),
(150008, 79),
(150095, 79),
(150118, 79),
(150166, 79),
(150192, 79),
(150258, 79),
(150276, 79),
(150356, 79),
(150423, 79),
(150565, 79),
(150705, 79),
(150796, 79),
(151055, 79),
(151118, 79),
(151415, 79),
(151418, 79),
(151435, 79),
(151439, 79),
(151456, 79),
(151459, 79),
(151477, 79),
(151491, 79),
(151494, 79),
(151508, 79),
(151512, 79),
(151525, 79),
(151528, 79),
(151544, 79),
(151547, 79),
(151564, 79),
(151570, 79),
(151583, 79),
(151600, 79),
(151603, 79),
(180004, 79),
(180021, 79),
(180025, 79),
(190005, 79),
(190021, 79),
(190025, 79),
(190037, 79),
(190041, 79),
(190052, 79),
(190056, 79),
(190074, 79),
(190089, 79),
(190093, 79),
(210017, 79),
(210020, 79),
(210031, 79),
(210034, 79),
(140115, 80),
(140891, 80),
(150096, 80),
(150168, 80),
(150265, 80),
(150398, 80),
(150765, 80),
(151056, 80),
(151416, 80),
(151436, 80),
(151457, 80),
(151492, 80),
(151509, 80),
(151526, 80),
(151545, 80),
(151571, 80),
(151601, 80),
(180005, 80),
(180022, 80),
(180026, 80),
(190006, 80),
(190026, 80),
(190038, 80),
(190042, 80),
(190054, 80),
(190057, 80),
(190075, 80),
(190094, 80),
(210021, 80),
(210035, 80),
(150126, 81),
(150198, 81),
(150283, 81),
(150435, 81),
(150845, 81),
(151198, 81),
(151420, 81),
(151441, 81),
(151465, 81),
(151496, 81),
(151514, 81),
(151533, 81),
(151549, 81),
(151573, 81),
(151585, 81),
(151606, 81),
(190004, 81),
(190008, 81),
(190024, 81),
(190027, 81),
(190040, 81),
(190043, 81),
(190055, 81),
(190058, 81),
(190076, 81),
(190092, 81),
(190095, 81),
(210036, 81);

--
-- Constraints for dumped tables
--

--
-- Constraints for table `application`
--
ALTER TABLE `application`
  ADD CONSTRAINT `application_ibfk_1` FOREIGN KEY (`Staff_ID`) REFERENCES `staff` (`Staff_ID`) ON DELETE CASCADE,
  ADD CONSTRAINT `application_ibfk_2` FOREIGN KEY (`Listing_ID`) REFERENCES `role_listing` (`Listing_ID`) ON DELETE CASCADE;

--
-- Constraints for table `role_listing`
--
ALTER TABLE `role_listing`
  ADD CONSTRAINT `role_listing_ibfk_1` FOREIGN KEY (`Hiring_Manager`) REFERENCES `staff` (`Staff_ID`) ON DELETE CASCADE,
  ADD CONSTRAINT `role_listing_ibfk_2` FOREIGN KEY (`Role_ID`) REFERENCES `role` (`Role_ID`) ON DELETE CASCADE;

--
-- Constraints for table `role_skill_mapping`
--
ALTER TABLE `role_skill_mapping`
  ADD CONSTRAINT `role_skill_mapping_ibfk_1` FOREIGN KEY (`Skill_ID`) REFERENCES `skill` (`Skill_ID`) ON DELETE CASCADE,
  ADD CONSTRAINT `role_skill_mapping_ibfk_2` FOREIGN KEY (`Role_ID`) REFERENCES `role` (`Role_ID`) ON DELETE CASCADE;

--
-- Constraints for table `staff`
--
ALTER TABLE `staff`
  ADD CONSTRAINT `staff_ibfk_1` FOREIGN KEY (`Role_ID`) REFERENCES `role` (`Role_ID`),
  ADD CONSTRAINT `staff_ibfk_2` FOREIGN KEY (`Access_Rights`) REFERENCES `access_control` (`Access_ID`);

--
-- Constraints for table `staffskill`
--
ALTER TABLE `staffskill`
  ADD CONSTRAINT `staffskill_ibfk_1` FOREIGN KEY (`Staff_ID`) REFERENCES `staff` (`Staff_ID`) ON DELETE CASCADE,
  ADD CONSTRAINT `staffskill_ibfk_2` FOREIGN KEY (`Skill_ID`) REFERENCES `skill` (`Skill_ID`) ON DELETE CASCADE;
COMMIT;

/*!40101 SET CHARACTER_SET_CLIENT=@OLD_CHARACTER_SET_CLIENT */;
/*!40101 SET CHARACTER_SET_RESULTS=@OLD_CHARACTER_SET_RESULTS */;
/*!40101 SET COLLATION_CONNECTION=@OLD_COLLATION_CONNECTION */;
